{
  "$schema": "https://schema.management.azure.com/schemas/2015-01-01/deploymentParameters.json#",
  "contentVersion": "1.0.0.0",
  "parameters": {
    "logicAppEnv":{
      "value": "uat"
    },
    "When_a_file_is_added_or_modified_(properties_only)Frequency": {
      "value": "Hour"
    },
    "When_a_file_is_added_or_modified_(properties_only)Interval": {
      "value": 12
    },
    "When_a_file_is_added_or_modified_(properties_only)StartTime": {
      "value": "2021-03-17T10:00:00Z"
    },
    "azureblob_name": {
      "value": "azureblob"
    },
    "azureblob_displayName": {
      "value": "dl-landing-zones"
    },    
    "ftp-1_name": {
      "value": "ftp-1"
    },
    "ftp-1_displayName": {
      "value": "dl-ftp-upl-sites"
    },
    "ftp-1_serverAddress": {
      "value": "ftp.lightsource-re.co.uk"
    },
    "ftp-1_userName": {
      "reference": 
	   {
			"keyVault": 
				{
					"id": "/subscriptions/3eee8679-a953-4c5a-9f22-40ded5d9733b/resourceGroups/data_lake_rg_uat/providers/Microsoft.KeyVault/vaults/dl-kv-uat"          
				}, 
				"secretName": "ftp-upl-user"
		}
    },
    "ftp-1_password": {
      "reference": 
	   {
			"keyVault": 
				{
					"id": "/subscriptions/3eee8679-a953-4c5a-9f22-40ded5d9733b/resourceGroups/data_lake_rg_uat/providers/Microsoft.KeyVault/vaults/dl-kv-uat"
				}, 
				"secretName": "ftp-upl-password"
		}
    },
    "ftp-1_serverPort": {
      "value": 21
    },
    "ftp-1_isSSL": {
      "value": false
    },
    "ftp-1_isBinaryTransport": {
      "value": false
    },
    "ftp-1_disableCertificateValidation": {
      "value": false
    },
    "ftp-1_closeConnectionAfterRequestCompletion": {
      "value": false
    }
  }
}
