{
  "$schema": "https://schema.management.azure.com/schemas/2015-01-01/deploymentParameters.json#",
  "contentVersion": "1.0.0.0",

  "parameters": {
    "logicAppEnv":{
      "value": "uat"
    },
    "When_a_file_is_added_or_modified_(properties_only)Frequency": {
      "value": "Hour"
    },
    "When_a_file_is_added_or_modified_(properties_only)Interval": {
      "value": 6
    },
    "When_a_file_is_added_or_modified_(properties_only)StartTime": {
      "value": "2021-03-17T10:00:00Z"
    },
    "azureblob_name": {
      "value": "azureblob"
    },
    "azureblob_displayName": {
      "value": "dl-landing-zones"
    },
    "ftp-2_userName":{
      "reference": 
      {
       "keyVault": 
         {
           "id": "/subscriptions/3eee8679-a953-4c5a-9f22-40ded5d9733b/resourceGroups/data_lake_rg_uat/providers/Microsoft.KeyVault/vaults/dl-kv-uat"
         }, 
         "secretName": "ftp-stark-user"
     }
    },
    "ftp-2_password": {
      "reference": 
	   {
			"keyVault": 
				{
					"id": "/subscriptions/3eee8679-a953-4c5a-9f22-40ded5d9733b/resourceGroups/data_lake_rg_uat/providers/Microsoft.KeyVault/vaults/dl-kv-uat"
				}, 
				"secretName": "ftp-stark-password"
		}
    },
    "ftp-2_serverPort": {
      "value": 21
    },
    "ftp-2_isSSL": {
      "value": false
    },
    "ftp-2_isBinaryTransport": {
      "value": false
    },
    "ftp-2_disableCertificateValidation": {
      "value": false
    },
    "ftp-2_closeConnectionAfterRequestCompletion": {
      "value": false
    }
  }
}
