Site,Code,Portfolio,Capacity,Country,Status,Owner,Active Operator,Active Asset Manager,ASSET_MGMT,O&M,DATA_MGMT,ASSET_SVCS,GP&M
Acrefair,UKL0174,Lionking,5,UK,Full O&M,Lightsource bp,Lightsource bp,Lightsource bp,Y,Y,Y,N,Y
Barton,UKL0016,Atmosclear,1.2,UK,Full O&M,Atmosclear,Lightsource bp,RESSL,N,Y,Y,N,Y
Beckton ,UKL0266,Lionking,4.8,UK,Full O&M,Lightsource bp,Lightsource bp,Lightsource bp,Y,Y,Y,N,Y
Belfast Road,UKL0285,Queenfisher,10,UK,Pre-FAC,Greencoat,Biosar (w/ LSbp),Lightsource bp,Y,N,Y,N,Y
Benbole,UKL0007,Kingpin,1.7,UK,Full O&M,Lightsource bp,Lightsource bp,Lightsource bp,Y,Y,Y,N,Y
Bentley Estate,UKL0164,Lionking,5,UK,Full O&M,Lightsource bp,Lightsource bp,Lightsource bp,Y,Y,Y,N,Y
Bentley Estate 2 CIC,UKL0208,Queenfisher,5,UK,Full O&M,Greencoat,Lightsource bp,Lightsource bp,Y,Y,Y,N,Y
Binsted,UKL0202,Queenfisher,5,UK,Full O&M,Greencoat,Lightsource bp,Lightsource bp,Y,Y,Y,N,Y
Blatchworthy,UKL0073,Kingpin,1.4,UK,Full O&M,Lightsource bp,Lightsource bp,Lightsource bp,Y,Y,Y,N,Y
Bodmin (Bodiniel),UKL0276,Lionking,5,UK,Full O&M,Lightsource bp,Lightsource bp,Lightsource bp,Y,Y,Y,N,Y
Bolsovermoor Quarry,UKL0283,Queenfisher,5,UK,Full O&M,Greencoat,Lightsource bp,Lightsource bp,Y,Y,Y,N,Y
Broadgate,UKL0017,Atmosclear,1.1,UK,Full O&M,Atmosclear,Lightsource bp,RESSL,N,Y,Y,N,Y
Brook Farm,LRS0025,Vortex,8.9,UK,Full O&M,Tenaga,Lightsource bp,Lightsource bp,Y,Y,Y,N,Y
Bryn Bachau,LRS0071,Low Carbon,4.6,UK,Pre-FAC,Greencoat,Lightsource bp,Low Carbon,N,Y,Y,N,Y
Brynteg,LRS0027,Vortex,14.8,UK,Full O&M,Tenaga,Lightsource bp,Lightsource bp,Y,Y,Y,N,Y
Buckland (Church) Farm,UKL0165,Lionking,4.8,UK,Pre-FAC,Lightsource bp,Lightsource bp,Lightsource bp,Y,Y,Y,N,Y
Burnthouse,UKL0125,Kingpin,4.8,UK,Full O&M,Lightsource bp,Lightsource bp,Lightsource bp,Y,Y,Y,N,Y
Burthy,LRS0026,Vortex,13.1,UK,Full O&M,Tenaga,Lightsource bp,Lightsource bp,Y,Y,Y,N,Y
Bury Lane,LRS0028,Vortex,22.2,UK,Full O&M,Tenaga,Lightsource bp,Lightsource bp,Y,Y,Y,N,Y
Calamocha II,,Vendimia,49.5,ESP,Pre-PAC,Lightsource bp,Grupotec,Lightsource bp,Y,N,Y,N,Y
Castle Combe,LRS0029,Vortex,15.3,UK,Full O&M,Tenaga,Lightsource bp,Lightsource bp,Y,Y,Y,N,Y
Bluewater,USL0002,Glade,3.1,USA,Post-SC,Lightsource bp,MaxGen,Lightsource bp,Y,N,Y,N,Y
Grants,USL0001,Glade,5.6,USA,Post-SC,Lightsource bp,MaxGen,Lightsource bp,Y,N,Y,N,Y
Charity Farm,UKL0203,Queenfisher,14.4,UK,Pre-FAC,Greencoat,Biosar,Lightsource bp,Y,N,Y,N,Y
Chittering ,UKL0015,Kingpin,4.9,UK,Full O&M,Lightsource bp,Lightsource bp,Lightsource bp,Y,Y,Y,N,Y
Cleave Farm,UKL0077,Kingpin,4.6,UK,Full O&M,Lightsource bp,Lightsource bp,Lightsource bp,Y,Y,Y,N,Y
Cold Harbour,UKL0173,Lionking,4.2,UK,Full O&M,Lightsource bp,Lightsource bp,Lightsource bp,Y,Y,Y,N,Y
Coombeshead Solar Farm,LRS0061,Belltown,9.8,UK,Full O&M,Foresight,Lightsource bp,Belltown Power,N,Y,Y,N,Y
Crookedstone Road,UKL0191,Lionking,5,UK,Full O&M,Lightsource bp,Lightsource bp,Lightsource bp,Y,Y,Y,N,Y
Crossness,UKL0267,Lionking,4.3,UK,Full O&M,Lightsource bp,Lightsource bp,Lightsource bp,Y,Y,Y,N,Y
Crucis Farm,LRS0030,Vortex,16.1,UK,Full O&M,Tenaga,Lightsource bp,Lightsource bp,Y,Y,Y,N,Y
Crugmore,LRS0011,Green Nation,7.5,UK,Full O&M,Foresight,Lightsource bp,Green Nation,N,Y,Y,N,Y
Crundale,LRS0031,Vortex,43.7,UK,Full O&M,Tenaga,Lightsource bp,Lightsource bp,Y,Y,Y,N,Y
Cwrt Henllys,UKL0239,Queenfisher,5,UK,Full O&M,Greencoat,Lightsource bp,Lightsource bp,Y,Y,Y,N,Y
Dunsfold,UKL0011,Kingpin,2,UK,Full O&M,Lightsource bp,Lightsource bp,Lightsource bp,Y,Y,Y,N,Y
Eastacombe,UKL0024,Kingpin,3.6,UK,Full O&M,Lightsource bp,Lightsource bp,Lightsource bp,Y,Y,Y,N,Y
Elk Hill 2,USL0009,Elk Hill 2,17.5,USA,Post-SC,Lightsource bp,MaxGen,Lightsource bp,Y,N,Y,N,Y
Epwell,LRS0033,Vortex,9,UK,Full O&M,Tenaga,Lightsource bp,Lightsource bp,Y,Y,Y,N,Y
Escucha II,,Vendimia,49.5,ESP,Pre-PAC,Lightsource bp,Grupotec,Lightsource bp,Y,N,Y,N,Y
Exning,LRS0034,Vortex,30.3,UK,Full O&M,Tenaga,Lightsource bp,Lightsource bp,Y,Y,Y,N,Y
Fairwinds,LRS0035,Vortex,12.2,UK,Full O&M,Tenaga,Lightsource bp,Lightsource bp,Y,Y,Y,N,Y
Fareham,LRS0036,Vortex,20.5,UK,Full O&M,Tenaga,Lightsource bp,Lightsource bp,Y,Y,Y,N,Y
Fawley,UKL0021,Kingpin,5,UK,Full O&M,Lightsource bp,Lightsource bp,Lightsource bp,Y,Y,Y,N,Y
Ffos Las,UKL0023,Kingpin,5,UK,Full O&M,Lightsource bp,Lightsource bp,Lightsource bp,Y,Y,Y,N,Y
Fields Farm (Agden),UKL0271,Queenfisher,5,UK,Pre-FAC,Greencoat,Biosar,Lightsource bp,Y,N,Y,N,Y
Finvoy,UKL0293,RI Income,6,UK,Pre-FAC,Blackrock,Metka (w/ LSbp),Lightsource bp,Y,N,Y,N,Y
Five Mile Drive,UKL0296,PMC,3.9,UK,Full O&M,PMC Venture,Anesco,Lightsource bp,Y,N,Y,N,Y
Francis Court,UKL0163,Lionking,4.3,UK,Full O&M,Lightsource bp,Lightsource bp,Lightsource bp,Y,Y,Y,N,Y
Gelli Gron,UKL0207,Queenfisher,3.6,UK,Pre-FAC,Greencoat,Biosar,Lightsource bp,Y,N,Y,N,Y
Gibson Farm - Brett Martin,UKL0295,RI Income,6.5,UK,Pre-FAC,Blackrock,Metka (w/ LSbp),Lightsource bp,Y,N,Y,N,Y
GoldenHill,LRS0009,Green Nation,6.3,UK,Full O&M,Foresight,Lightsource bp,Green Nation,N,Y,Y,N,Y
Goonhilly,LRS0021,RES,4.5,UK,Full O&M,Blackrock,Lightsource bp,RES,N,Y,Y,N,Y
Goosehall Farm,UKL0299,Lionking,4.6,UK,Pre-FAC,Lightsource bp,Grupotec,Lightsource bp,Y,N,Y,N,Y
Gray (Manor) Farm,UKL0014,Kingpin,2.9,UK,Full O&M,Lightsource bp,Lightsource bp,Lightsource bp,Y,Y,Y,N,Y
Great Knowles,UKL0020,Kingpin,4.8,UK,Full O&M,Lightsource bp,Lightsource bp,Lightsource bp,Y,Y,Y,N,Y
Green Lane,UKL0286,RI Income,4.2,UK,Pre-FAC,Blackrock,Metka (w/ LSbp),Lightsource bp,Y,N,Y,N,Y
Hadley Farm,UKL0166,Lionking,4.9,UK,Full O&M,Lightsource bp,Lightsource bp,Lightsource bp,Y,Y,Y,N,Y
Hale,LRS0050,RES,12.2,UK,Full O&M,Blackrock,Lightsource bp,RES,N,Y,Y,N,Y
Hardie (Moor 1) Farm,UKL0004,Kingpin,3.7,UK,Full O&M,Lightsource bp,Lightsource bp,Lightsource bp,Y,Y,Y,N,Y
Hartwell,LRS0049,RES,18.6,UK,Full O&M,Blackrock,Lightsource bp,RES,N,Y,Y,N,Y
Henbury Quarry,UKL0155,Kingpin,0.7,UK,Full O&M,Lightsource bp,Lightsource bp,Lightsource bp,Y,Y,Y,N,Y
High Point,UKL0287,RI Income,3.7,UK,Pre-FAC,Blackrock,Metka (w/ LSbp),Lightsource bp,Y,N,Y,N,Y
Higher Pirzwell,UKL0026,Atmosclear,1.2,UK,Full O&M,Atmosclear,Lightsource bp,RESSL,N,Y,Y,N,Y
Hijar I,,Vendimia,49.5,ESP,Pre-PAC,Lightsource bp,Grupotec,Lightsource bp,Y,N,Y,N,Y
Hill Farm,LRS0037,Vortex,7.7,UK,Full O&M,Tenaga,Lightsource bp,Lightsource bp,Y,Y,Y,N,Y
Hill Hall Farm,UKL0205,Queenfisher,5,UK,Pre-FAC,Greencoat,Grupotec (w/ LSbp),Lightsource bp,Y,N,Y,N,Y
Hill House Farm,LRS0038,Vortex,28.3,UK,Full O&M,Tenaga,Lightsource bp,Lightsource bp,Y,Y,Y,N,Y
Horam,LRS0024,Vortex,8.1,UK,Full O&M,Tenaga,Lightsource bp,Lightsource bp,Y,Y,Y,N,Y
Hornacott,UKL0182,Queenfisher,5,UK,Pre-FAC,Greencoat,Biosar,Lightsource bp,Y,N,Y,N,Y
Howbery,UKL0008,Kingpin,5,UK,Full O&M,Lightsource bp,Lightsource bp,Lightsource bp,Y,Y,Y,N,Y
Howton Farm,UKL0006,Kingpin,0.8,UK,Full O&M,Lightsource bp,Lightsource bp,Lightsource bp,Y,Y,Y,N,Y
Ibstock,UKL0298,Lionking,6.3,UK,Pre-FAC,Lightsource bp,Metka,Lightsource bp,Y,N,Y,N,Y
Impact Solar,USL0008,Impact,259.4,USA,Post-SC,Lightsource bp,SOLV,Lightsource bp,Y,N,Y,N,Y
Johnson Corner Solar I,USL0004,Glade,27.6,USA,Post-SC,Lightsource bp,MaxGen,Lightsource bp,Y,N,Y,N,Y
Kia-ora Farm,UKL0044,Atmosclear,1.8,UK,Full O&M,Atmosclear,Lightsource bp,RESSL,N,Y,Y,N,Y
Knowlton,LRS0039,Vortex,11.5,UK,Full O&M,Tenaga,Lightsource bp,Lightsource bp,Y,Y,Y,N,Y
Langton,UKL0167,Lionking,4.8,UK,Full O&M,Lightsource bp,Lightsource bp,Lightsource bp,Y,Y,Y,N,Y
Langunnett,LRS0023,Vortex,6.2,UK,Full O&M,Tenaga,Lightsource bp,Lightsource bp,Y,Y,Y,N,Y
Laurenson (Trevemper) Farm,UKL0013,Kingpin,5,UK,Full O&M,Lightsource bp,Lightsource bp,Lightsource bp,Y,Y,Y,N,Y
Lawrence End Park,UKL0185,Lionking,4.5,UK,Full O&M,Lightsource bp,Lightsource bp,Lightsource bp,Y,Y,Y,N,Y
Little Neath,LRS0040,Vortex,6.1,UK,Full O&M,Tenaga,Lightsource bp,Lightsource bp,Y,Y,Y,N,Y
Luson,UKL0057,Atmosclear,1.9,UK,Full O&M,Atmosclear,Lightsource bp,RESSL,N,Y,Y,N,Y
Maes Bach,UKL0168,Lionking,5,UK,Full O&M,Lightsource bp,Lightsource bp,Lightsource bp,Y,Y,Y,N,Y
Maghaberry,UKL0294,RI Income,27.1,UK,Pre-FAC,Blackrock,Metka (w/ LSbp),Lightsource bp,Y,N,Y,N,Y
Manor Farm - Eggington,UKL0146,Kingpin,4.5,UK,Full O&M,Lightsource bp,Lightsource bp,Lightsource bp,Y,Y,Y,N,Y
Manston,LRS0041,Vortex,9.8,UK,Full O&M,Tenaga,Lightsource bp,Lightsource bp,Y,Y,Y,N,Y
Marston,UKL0010,Kingpin,1.7,UK,Full O&M,Lightsource bp,Lightsource bp,Lightsource bp,Y,Y,Y,N,Y
McCartie (Moor 2) Farm,UKL0005,Kingpin,1.1,UK,Full O&M,Lightsource bp,Lightsource bp,Lightsource bp,Y,Y,Y,N,Y
McGuigan (Wilburton) Farm,UKL0001,Kingpin,1.5,UK,Full O&M,Lightsource bp,Lightsource bp,Lightsource bp,Y,Y,Y,N,Y
Meadow Farm (Thorpe Lanton),UKL0273,Queenfisher,5,UK,Pre-FAC,Greencoat,Biosar,Lightsource bp,Y,N,Y,N,Y
Mendennick,LRS0022 ,RES,2.6,UK,Full O&M,Blackrock,Lightsource bp,RES,N,Y,Y,N,Y
Middle Balbeggie,UKL0241,Queenfisher,5,UK,Pre-FAC,Greencoat,Biosar,Lightsource bp,Y,N,Y,N,Y
Millar Farm,UKL0278,Queenfisher,7.2,UK,Pre-FAC,Greencoat,Biosar (w/ LSbp),Lightsource bp,Y,N,Y,N,Y
Molland Farm,UKL0162,Octopus,5,UK,Full O&M,Octopus,Lightsource bp,Quintas,N,Y,Y,N,Y
Morfa Farm,UKL0240,Queenfisher,2,UK,Pre-FAC,Greencoat,Biosar,Lightsource bp,Y,N,Y,N,Y
Nefyn (Tyddyn Cae),UKL0169,Lionking,4.7,UK,Full O&M,Lightsource bp,Lightsource bp,Lightsource bp,Y,Y,Y,N,Y
NIC Hillside/ Lough Road 2,UKL0282,Queenfisher,5.4,UK,Pre-FAC,Greencoat,Biosar (w/ LSbp),Lightsource bp,Y,N,Y,N,Y
NIC Knockcairn Road,UKL0281,Queenfisher,5.4,UK,Pre-FAC,Greencoat,Biosar (w/ LSbp),Lightsource bp,Y,N,Y,N,Y
NIC Lough Road,UKL0279,Queenfisher,5.4,UK,Pre-FAC,Greencoat,Biosar (w/ LSbp),Lightsource bp,Y,N,Y,N,Y
NIC Moira Road,UKL0280,Queenfisher,5.9,UK,Pre-FAC,Greencoat,Biosar (w/ LSbp),Lightsource bp,Y,N,Y,N,Y
Nixey Farm Chalgrove,LRS0020,RES,21.3,UK,Full O&M,Blackrock,Lightsource bp,RES,N,Y,Y,N,Y
NOR Parsonage Wood,UKL0270,Queenfisher,4.2,UK,Pre-FAC,Greencoat,Biosar,Lightsource bp,Y,N,Y,N,Y
Norrington,LRS0042,Brookfield,11.1,UK,Full O&M,Brookfield,Lightsource bp,Lightsource bp,Y,Y,Y,N,Y
North Tenement,UKL0288,RI Income,5,UK,Pre-FAC,Blackrock,Metka (w/ LSbp),Lightsource bp,Y,N,Y,N,Y
Park Farm,LRS0001,Belltown,13.2,UK,Full O&M,Foresight,Lightsource bp,Belltown Power,N,Y,Y,N,Y
Park Farm West,UKL0274,Queenfisher,3.9,UK,Full O&M,Greencoat,Lightsource bp,Lightsource bp,Y,Y,Y,N,Y
Pen Rhiw,UKL0272,Queenfisher,4.7,UK,Full O&M,Greencoat,Lightsource bp,Lightsource bp,Y,Y,Y,N,Y
Penaflor II,,Vendimia,49.5,ESP,Pre-PAC,Lightsource bp,Grupotec,Lightsource bp,Y,N,Y,N,Y
Pencoose,LRS0062,RES,8.1,UK,Full O&M,Blackrock,Lightsource bp,RES,N,Y,Y,N,Y
Pilkington,UKL0297,Lionking,4.8,UK,Pre-FAC,Lightsource bp,Grupotec,Lightsource bp,Y,N,Y,N,Y
Pont Andrew,UKL0019,Kingpin,4.3,UK,Full O&M,Lightsource bp,Lightsource bp,Lightsource bp,Y,Y,Y,N,Y
Pressock,UKL0292,Lionking,0.5,UK,Pre-FAC,Lightsource bp,Metka (w/ LSbp),Lightsource bp,Y,N,Y,N,Y
Prestop Park,LRS0043,Vortex,15.9,UK,Full O&M,Tenaga,Lightsource bp,Lightsource bp,Y,Y,Y,N,Y
Primrose Hill,UKL0127,Kingpin,1.6,UK,Full O&M,Lightsource bp,Lightsource bp,Lightsource bp,Y,Y,Y,N,Y
Promens,UKL0012,Kingpin,1,UK,Full O&M,Lightsource bp,Lightsource bp,Lightsource bp,Y,Y,Y,N,Y
QE2 - Floater,UKL0189,Lionking,1.5,UK,Full O&M,Lightsource bp,Lightsource bp,Lightsource bp,Y,Y,Y,N,Y
RedHill Farm (Burlescombe),UKL0171,Lionking,1.8,UK,Full O&M,Lightsource bp,Lightsource bp,Lightsource bp,Y,Y,Y,N,Y
Robb (Hawton) Farm,UKL0009,Kingpin,1.9,UK,Full O&M,Lightsource bp,Lightsource bp,Lightsource bp,Y,Y,Y,N,Y
Rudge Hill Farm,UKL0086,Kingpin,5,UK,Full O&M,Lightsource bp,Lightsource bp,Lightsource bp,Y,Y,Y,N,Y
Safeguard Bradwell,UKL0206,Queenfisher,5,UK,Pre-FAC,Greencoat,Biosar,Lightsource bp,Y,N,Y,N,Y
Sandhill,UKL0003,Kingpin,4.3,UK,Full O&M,Lightsource bp,Lightsource bp,Lightsource bp,Y,Y,Y,N,Y
Sawmills,LRS0002,Belltown,6.6,UK,Full O&M,Foresight,Lightsource bp,Belltown Power,N,Y,Y,N,Y
Says Court,LRS0044,Vortex,19.8,UK,Full O&M,Tenaga,Lightsource bp,Lightsource bp,Y,Y,Y,N,Y
School Aycliffe,UKL0172,Lionking,5,UK,Full O&M,Lightsource bp,Lightsource bp,Lightsource bp,Y,Y,Y,N,Y
Shaftesbury,UKL0142,Kingpin,0.8,UK,Full O&M,Lightsource bp,Lightsource bp,Lightsource bp,Y,Y,Y,N,Y
Sharland,UKL0275,Queenfisher,2.8,UK,Pre-FAC,Greencoat,Biosar,Lightsource bp,Y,N,Y,N,Y
Sheriffhales,UKL0178,Lionking,5,UK,Full O&M,Lightsource bp,Lightsource bp,Lightsource bp,Y,Y,Y,N,Y
Sheriffhales II,UKL0204,CORE,3.2,UK,Full O&M,CORE,Lightsource bp,CFRCIC,N,Y,Y,N,Y
ShoalsHooks,LRS0010,Green Nation,14.8,UK,Full O&M,Foresight,Lightsource bp,Green Nation,N,Y,Y,N,Y
South Creake,UKL0184,Queenfisher,26,UK,Full O&M,Greencoat,Lightsource bp,Lightsource bp,Y,Y,Y,N,Y
St Francis,UKL0126,Kingpin,4.4,UK,Full O&M,Lightsource bp,Lightsource bp,Lightsource bp,Y,Y,Y,N,Y
Stables Farm,UKL0036,Atmosclear,1,UK,Full O&M,Atmosclear,Lightsource bp,RESSL,N,Y,Y,N,Y
Staining Wood,UKL0198,Octopus,5,UK,Full O&M,Octopus,Lightsource bp,Quintas,N,Y,Y,N,Y
Stragglethorpe Rd (Cotgrave),UKL0201,Queenfisher,5,UK,Pre-FAC,Greencoat,Biosar,Lightsource bp,Y,N,Y,N,Y
Summerlands,UKL0027,Kingpin,3.7,UK,Full O&M,Lightsource bp,Lightsource bp,Lightsource bp,Y,Y,Y,N,Y
Sundorne Grove,LRS0045,Vortex,18.2,UK,Full O&M,Tenaga,Lightsource bp,Lightsource bp,Y,Y,Y,N,Y
Tambores I,,Vendimia,49.5,ESP,Pre-PAC,Lightsource bp,Grupotec,Lightsource bp,Y,N,Y,N,Y
Taygete I,,7x,344,USA,Post-SC,MMA Capital,SOLV,Lightsource bp,Y,N,Y,N,Y
Trefinnick,UKL0072,Kingpin,1.7,UK,Full O&M,Lightsource bp,Lightsource bp,Lightsource bp,Y,Y,Y,N,Y
Treguff,UKL0120,Kingpin,1,UK,Full O&M,Lightsource bp,Lightsource bp,Lightsource bp,Y,Y,Y,N,Y
Upper Clayhill,UKL0170,Lionking,4.2,UK,Pre-FAC,Lightsource bp,Lightsource bp,Lightsource bp,Y,Y,Y,N,Y
Verwood Solar Farm,LRS0060,Belltown,20.7,UK,Full O&M,Foresight,Lightsource bp,Belltown Power,N,Y,Y,N,Y
Walton,UKL0268,Lionking,2.3,UK,Full O&M,Lightsource bp,Lightsource bp,Lightsource bp,Y,Y,Y,N,Y
Wellington,,Wellington,200,AUS,Pre-PAC,Lightsource bp,Sterling & Wilson,Lightsource bp,Y,N,Y,N,Y
West Bradley,UKL0022,Kingpin,1.4,UK,Full O&M,Lightsource bp,Lightsource bp,Lightsource bp,Y,Y,Y,N,Y
West Farm,LRS0046,Vortex,7.6,UK,Full O&M,Tenaga,Lightsource bp,Lightsource bp,Y,Y,Y,N,Y
Westwood,LRS0047,Vortex,9.2,UK,Full O&M,Tenaga,Lightsource bp,Lightsource bp,Y,Y,Y,N,Y
Wheal Jane Solar Ltd,UKL0002,Kingpin,5,UK,Full O&M,Lightsource bp,Lightsource bp,Lightsource bp,Y,Y,Y,N,Y
Whitetail 1,USL0003,Glade,18.3,USA,Post-SC,Lightsource bp,MaxGen,Lightsource bp,Y,N,Y,N,Y
Whitetail Solar 2 St. Thomas II,USL0005,Glade,26.9,USA,Post-SC,Lightsource bp,MaxGen,Lightsource bp,Y,N,Y,N,Y
Whitetail Solar 3 St. Thomas I,USL0006,Glade,27,USA,Post-SC,Lightsource bp,MaxGen,Lightsource bp,Y,N,Y,N,Y
Wick Red Farm,UKL0284,Lionking,43.2,UK,Pre-FAC,Lightsource bp,Gamma,Lightsource bp,Y,N,Y,N,Y
Wildflower I,USL0007,Glade,16.3,USA,Post-SC,Lightsource bp,MaxGen,Lightsource bp,Y,N,Y,N,Y
Wrockwardine,LRS0048,Vortex,10.5,UK,Full O&M,Tenaga,Lightsource bp,Lightsource bp,Y,Y,Y,N,Y
Yardwall,LRS0005,Belltown,3,UK,Full O&M,Foresight,Lightsource bp,Belltown Power,N,Y,Y,N,Y
Yeowood,UKL0018,Atmosclear,1.2,UK,Full O&M,Atmosclear,Lightsource bp,RESSL,N,Y,Y,N,Y