{
  "$schema": "https://schema.management.azure.com/schemas/2019-04-01/deploymentParameters.json#",
  "contentVersion": "1.0.0.0",
 "parameters": {
    "logicAppEnv":{
      "value": "uat"
    },
    "Trigger_(Daily)-_QB_extract_loadFrequency": {
      "value": "Day"
    },
    "Trigger_(Daily)-_QB_extract_loadInterval": {
      "value": 1
    },
    "Trigger_(Daily)-_QB_extract_loadTimeZone": {
      "value": "UTC"
    },
    "Trigger_(Daily)-_QB_extract_loadSchedule": {
      "value": {
        "hours": [
          "0"
        ],
        "minutes": [
          30
        ]
      }
    },
    "qb_usertoken": {
	  "reference": 
	   {
			"keyVault": 
				{
					"id": "/subscriptions/3eee8679-a953-4c5a-9f22-40ded5d9733b/resourceGroups/data_lake_rg_uat/providers/Microsoft.KeyVault/vaults/dl-kv-uat"
				}, 
				"secretName": "quickbase-usertoken"
		}
    }
  }
}
