{
	"$schema": "https://schema.management.azure.com/schemas/2019-04-01/deploymentTemplate.json#",
	"contentVersion": "1.0.0.0",
	"parameters": {
		"logicAppEnv": {
			"type": "string"
		},
		"logicAppEnvSf": {
			"type": "string",
			"defaultValue": "[parameters('logicAppEnv')]"
		},
		"logicAppLocation": {
			"type": "string",
			"defaultValue": "[resourceGroup().location]",
			"metadata": {
				"description": "Location of the Logic App."
			}
		},
		"Apply_QB_changes_to_Snowflake-ResourceGroup": {
			"type": "string",
			"defaultValue": "[resourceGroup().name]"
		},
		"Apply_QB_changes_to_Snowflake-FunctionApp": {
			"type": "string",
			"defaultValue": "[concat('dl-func-',parameters('logicAppEnv'))]"
		},
		"Apply_QB_changes_to_Snowflake-FunctionName": {
			"type": "string",
			"defaultValue": "apply-qb-changes"
		}
	},
	"variables": {},
	"resources": [{
			"type": "Microsoft.Logic/workflows",
			"apiVersion": "2016-06-01",
			"name": "[concat('dl-la-',parameters('logicAppEnv'),'-quickbase-real-time-load')]",
			"location": "[parameters('logicAppLocation')]",
			"dependsOn": [],
			"properties": {
				"definition": {
					"$schema": "https://schema.management.azure.com/providers/Microsoft.Logic/schemas/2016-06-01/workflowdefinition.json#",
					"contentVersion": "1.0.0.0",
					"parameters": {
						"$connections": {
							"defaultValue": {},
							"type": "Object"
						}
					},
					"triggers": {
						"manual": {
							"type": "Request",
							"kind": "Http",
							"inputs": {
								"schema": {}
							}
						}
					},
					"actions": {
						"Apply_QB_changes_to_Snowflake": {
							"runAfter": {
							  "Convert_response_body_to_string": [
								"Succeeded"
							  ]
							},
							"type": "Function",
							"inputs": {
							  "body": {
								"changed_doc": " @{outputs('Convert_response_body_to_string')} ",
								"request_received_time": "@variables('request_received_time')"
							  },
							  "function": {
								"id": "[concat('/subscriptions/',subscription().subscriptionId,'/resourceGroups/',parameters('Apply_QB_changes_to_Snowflake-ResourceGroup'),'/providers/Microsoft.Web/sites/',parameters('Apply_QB_changes_to_Snowflake-FunctionApp'),'/functions/',parameters('Apply_QB_changes_to_Snowflake-FunctionName'))]"
							  }
							}
						  },
						"Convert_response_body_to_string": {
							"runAfter": {
								"Initialize_request_received_time": [
									"Succeeded"
								]
							},
							"type": "Compose",
							"inputs": "@triggerBody()"
						},
						"Initialize_request_received_time": {
							"inputs": {
								"variables": [
									{
										"name": "request_received_time",
										"type": "string",
										"value": "@{utcNow()}"
									}
								]
							},
							"runAfter": {},
							"type": "InitializeVariable"
						}
					},
					"outputs": {}
				},
				"parameters": {	}
			}
		}		
	],
	"outputs": {}
}