SITE_ID,PARAM_NAME,CONTROL_PARAMETER_VALUE,STATUS,ACTIVE_FROM,ACTIVE_TO
22582306-2dcd-11e7-9820-42010afa015a,Production Data Meters,2000056167922,DEFAULT,2010-01-01,2099-12-31
0657bb06-302c-11e7-a8bd-42010afa015a,Production Data Meters,2100041252837,DEFAULT,2010-01-01,2099-12-31
c706e844-39a1-11e7-8947-42010afa015a,Production Data Meters,2200042475832,DEFAULT,2010-01-01,2099-12-31
9c631616-302e-11e7-bb8d-42010afa015a,Production Data Meters,1050000729667,DEFAULT,2010-01-01,2099-12-31
a7d53f98-2f88-11e7-badf-42010afa015a,Production Data Meters,2000056199951,DEFAULT,2010-01-01,2099-12-31
06080238-2dce-11e7-90d9-42010afa015a,Production Data Meters,2000055932238,DEFAULT,2010-01-01,2099-12-31
90bd91f8-302c-11e7-9509-42010afa015a,Production Data Meters,2100041230842,DEFAULT,2010-01-01,2099-12-31
771a5f08-2c0b-11e7-98f7-42010afa015a,Production Data Meters,1470000278097,DEFAULT,2010-01-01,2099-12-31
64ca83d8-302e-11e7-ba19-42010afa015a,Production Data Meters,1050000784393,DEFAULT,2010-01-01,2099-12-31
d3b6a36c-302e-11e7-b0c9-42010afa015a,Production Data Meters,1050000709730,DEFAULT,2010-01-01,2099-12-31
88924fd4-316f-11e7-9f0a-42010afa015a,Production Data Meters,2100041270320,DEFAULT,2010-01-01,2099-12-31
5bb0689a-39a1-11e7-b4c5-42010afa015a,Production Data Meters,2000055894948,DEFAULT,2010-01-01,2099-12-31
3133cec2-39a1-11e7-a34f-42010afa015a,Production Data Meters,1900091200077,DEFAULT,2010-01-01,2099-12-31
6b5ae7dc-302f-11e7-aa34-42010afa015a,Production Data Meters,1900091091940,DEFAULT,2010-01-01,2099-12-31
95b88004-39a1-11e7-a997-42010afa015a,Production Data Meters,2200041973446,DEFAULT,2010-01-01,2099-12-31
1d9340f8-302f-11e7-b545-42010afa015a,Production Data Meters,1900090979958,DEFAULT,2010-01-01,2099-12-31
edfdc30a-39a1-11e7-9b57-42010afa015a,Production Data Meters,2000055926128,DEFAULT,2010-01-01,2099-12-31
0a2c39d0-302e-11e7-a7ab-42010afa015a,Production Data Meters,1170000447725,DEFAULT,2010-01-01,2099-12-31
6659780e-302d-11e7-a9a8-42010afa015a,Production Data Meters,1470000437758,DEFAULT,2010-01-01,2099-12-31
4d3db02a-302c-11e7-ba3e-42010afa015a,Production Data Meters,2100041113247,DEFAULT,2010-01-01,2099-12-31
3eaa5b50-302f-11e7-9ec4-42010afa015a,Production Data Meters,1900091086540,DEFAULT,2010-01-01,2099-12-31
607e6d46-170c-11e4-a960-00163e944340,Production Data Meters,"PRIVATE_073896_K11UP07060,PRIVATE_073898_K11UP07059",DEFAULT,2010-01-01,2099-12-31
41168120-784f-11e8-ade1-42010afa015a,Production Data Meters,PRIVATE_K12UP08597,DEFAULT,2010-01-01,2099-12-31
e12a230e-4fb0-11e4-9a95-00163e944340,Production Data Meters,"Burnthouse_14240499,Burnthouse_14240501,Burnthouse_14240502,Burnthouse_14240500",DEFAULT,2010-01-01,2099-12-31
944d507e-5e18-11e6-8ecd-42010afa015a,Production Data Meters,"ChitteringIn1__15042472_export,ChitteringInv2_15042473_export,ChitteringIn3__15042474_export",DEFAULT,2010-01-01,2099-12-31
1f8a859a-7f90-11e8-b5a9-42010afa015a,Production Data Meters,Cleave_K14UP00180_Import,DEFAULT,2010-01-01,2099-12-31
1331d0ca-4466-11e7-bda4-42010afa015a,Production Data Meters,"Dunsfold3__15024395_export,Dunsfold__15024396_export,DunsfoldInv3__15024397_export",DEFAULT,2010-01-01,2099-12-31
95284652-a8be-11e6-b4b5-42010afa015a,Production Data Meters,"EastacombeInv1__15041711_import,EastacombeInv2__15041712_import,Eastacombe3__15041713_import",DEFAULT,2010-01-01,2099-12-31
b1d0f1c2-05c5-11e8-adc5-42010afa015a,Production Data Meters,PRIVATE_19093962_19093962,DEFAULT,2010-01-01,2099-12-31
6931873a-542e-11e8-aefa-42010afa015a,Production Data Meters,"Private_15024342_Export_1,Private_15024341_export,Private_15024352_Export,Private_15024351_export,Private_15024353 _export",DEFAULT,2010-01-01,2099-12-31
d68cb868-f0b0-11e7-89a5-42010afa015a,Production Data Meters,Private_15024399_15024399,DEFAULT,2010-01-01,2099-12-31
1775e83a-0d9e-11e4-a84c-00163e944340,Production Data Meters,"PRIVATE_11048535,PRIVATE_11048534",DEFAULT,2010-01-01,2099-12-31
8131e1c0-2f88-11e7-8429-42010afa015a,Production Data Meters,1470000429775,DEFAULT,2010-01-01,2099-12-31
c385ce20-302c-11e7-bfca-42010afa015a,Production Data Meters,2100041272870,DEFAULT,2010-01-01,2099-12-31
469642b4-a8f0-11e6-9de9-42010afa015a,Production Data Meters,GreatKnowles2_K20D00243_Export,DEFAULT,2010-01-01,2099-12-31
eb052d08-5fab-11e6-854d-42010afa015a,Production Data Meters,"PRIVATE_074285_K11UP07038,PRIVATE_074284_K11UP07037,PRIVATE_074283_K11UP07035",DEFAULT,2010-01-01,2099-12-31
7bf25bd8-7584-11e4-ba02-00163e944340,Production Data Meters,"Private_15022886_15022886_Export,Private_15022888_15022888_Export,Private_15022887_15022887_Export,Private_15022889_15022889_Export",DEFAULT,2010-01-01,2099-12-31
688db6aa-5429-11e8-b140-42010afa015a,Production Data Meters,"PRIVATE_073918_K11UP07023,PRIVATE_073916_K11UP07067,PRIVATE_073915_K11UP07024",DEFAULT,2010-01-01,2099-12-31
d341e550-b5b9-11e4-a337-00163e944340,Production Data Meters,"Private_K14UP00190_K14UP00190_Import,Private_K14UP00188_K14UP00188_Import,Private_K14UP00189_K14UP00189_Import",DEFAULT,2010-01-01,2099-12-31
84e7ab1e-5422-11e8-8dd7-42010afa015a,Production Data Meters,"PRIVATE_073925_K11UP07019,PRIVATE_073919_K11UP07020,PRIVATE_073922_K11UP07021",DEFAULT,2010-01-01,2099-12-31
4d46e80a-28d4-11e4-aaab-00163e944340,Production Data Meters,"PRIVATE_073927_K11UP07064,PRIVATE_073926_K11UP07066",DEFAULT,2010-01-01,2099-12-31
7012ded4-28d4-11e4-842c-00163e944340,Production Data Meters,PRIVATE_073929_K11UP07068,DEFAULT,2010-01-01,2099-12-31
cb697cbe-5c87-11e6-ab75-42010afa015a,Production Data Meters,"Private_K13UP01241_K13UP01241_import,Private_K13UP01240_Import",DEFAULT,2010-01-01,2099-12-31
a0294d06-58fa-11e8-a0ad-42010afa015a,Production Data Meters,"Private_14240521 _14240521_Import,Private_14240522_14240522_Import,Private_14240523_14240523_Import,Private_14240524_14240524_Import",DEFAULT,2010-01-01,2099-12-31
8e581dd8-542b-11e8-ad26-42010afa015a,Production Data Meters,"PRIVATE_073936_K11UP07062,PRIVATE_073934_20039651",DEFAULT,2010-01-01,2099-12-31
0bf3e748-79ea-11e8-b950-42010afa015a,Production Data Meters,11313872_11313872,DEFAULT,2010-01-01,2099-12-31
f499052a-2c35-11e4-8cf7-00163e944340,Production Data Meters,"PRIVATE_073899_K11UP07063,PRIVATE_073913_K11UP07061",DEFAULT,2010-01-01,2099-12-31
a5f6ffaa-b900-11e4-8889-00163e944340,Production Data Meters,"Private_15041601_15041601_Export,Private_15041604_15041604_Export,Private_15041603_15041603_Export,Private_15041600_15041600_Export,Private_15041602_15041602_Export",DEFAULT,2010-01-01,2099-12-31
3e5f6756-a9b8-11e6-9d2a-42010afa015a,Production Data Meters,SummerlandsRetro_1510041_import,DEFAULT,2010-01-01,2099-12-31
6ccbd929-5811-4b08-a172-7185bb9bb6d2,Production Data Meters,"Trefinnick1__16076887_import,Trefinnick2__16076888_import,Trefinnick3__16076889_import,Trefinnick4__16076890_import,Trefinnick5__16076891_import,Trefinnick6__16076892_import,Trefinnick7__16076893_import",DEFAULT,2010-01-01,2099-12-31
37435034-a9bf-11e6-b8a8-42010afa015a,Production Data Meters,"TrevemperSC__15100043_import,Trevemper2_18118086_Export,PRIVATE_211098924",DEFAULT,2010-01-01,2099-12-31
a89dd188-a9af-11e6-921c-42010afa015a,Production Data Meters,WestBradley__15100047_export,DEFAULT,2010-01-01,2099-12-31
98544f5e-a99c-11e6-bea8-42010afa015a,Production Data Meters,"WhealJane__15100048_import,WhealJane1_15100046_import,WhealJane2_15100045_import,WhealJane3_15100044_import",DEFAULT,2010-01-01,2099-12-31
845052ea-5d53-11e6-966f-42010afa015a,Production Data Meters,1900091463655,DEFAULT,2010-01-01,2099-12-31
61f086a6-1e84-11e6-ba2d-42010afa015a,Production Data Meters,1300060657840,DEFAULT,2010-01-01,2099-12-31
9ee0d2b4-945e-11e6-9853-42010afa015a,Production Data Meters,2100041414142,DEFAULT,2010-01-01,2099-12-31
481e8136-a0e0-11e6-b00c-42010afa015a,Production Data Meters,1300060704677,DEFAULT,2010-01-01,2099-12-31
650a786e-7b29-11e5-847d-00163e319984,Production Data Meters,2200042598144,DEFAULT,2010-01-01,2099-12-31
b8a36c64-d272-11e6-aed3-42010afa015a,Production Data Meters,1800060801319,DEFAULT,2010-01-01,2099-12-31
01b6eefa-aa5d-11e6-8050-42010afa015a,Production Data Meters,1300060704082,DEFAULT,2010-01-01,2099-12-31
b0234d8a-c368-11e5-abba-42010afa015a,Production Data Meters,1050001008690,DEFAULT,2010-01-01,2099-12-31
5f282642-e52a-11e5-af30-42010afa015a,Production Data Meters,1170000619925,DEFAULT,2010-01-01,2099-12-31
71c8d4a4-d813-11e6-90c0-42010afa015a,Production Data Meters,1300060668498,DEFAULT,2010-01-01,2099-12-31
32dadc3e-c5e3-11e6-884c-42010afa015a,Production Data Meters,2100041421405,DEFAULT,2010-01-01,2099-12-31
e8202e76-d65c-11e6-8907-42010afa015a,Production Data Meters,2200042733869,DEFAULT,2010-01-01,2099-12-31
088ac658-dd65-11e6-9a06-42010afa015a,Production Data Meters,2100041252819,DEFAULT,2010-01-01,2099-12-31
d3c18cba-7666-11e5-991b-00163e319984,Production Data Meters,"AcrefairInv1_15114183_import,AcrefairInv2_15114179_import",DEFAULT,2010-01-01,2099-12-31
3bad398e-2321-11e6-8ac4-42010afa015a,Production Data Meters,"BentleyInv1_16079145,Bentley_3_16079146_Import",DEFAULT,2010-01-01,2099-12-31
da36aece-1295-11e6-9b13-42010afa015a,Production Data Meters,"ChurchInv1_K14UP00187_import,ChurchInv2_K14UP00192_import,ChurchInv3_K14UP00197_import,ChurchInv4_K14UP00170_import",DEFAULT,2010-01-01,2099-12-31
2ff181a0-ce3e-11e5-a316-42010afa015a,Production Data Meters,CrookStone__K1600209_export,DEFAULT,2010-01-01,2099-12-31
3adec2da-5855-429a-8596-72364980cfe1,Production Data Meters,"FrancisCourtInv3_15024413_import,FrancisCourtInv2_15024414_import,FrancisCourtInv1_K14UP00173_import",DEFAULT,2010-01-01,2099-12-31
44aa883e-3a14-11e6-b9a5-42010afa015a,Production Data Meters,"PRIVATE_20039648_Export,Private_14240544_14240544_Import,Private_14240545_14240545_Import",DEFAULT,2010-01-01,2099-12-31
3785f0d2-8393-11e4-927f-00163e944340,Production Data Meters,"Private_K14UP00230_Export,Private_K14UP00229_Export",DEFAULT,2010-01-01,2099-12-31
b526d9f0-5d4b-11e6-8ba0-42010afa015a,Production Data Meters,WilburtonInv2_15042467_import,DEFAULT,2010-01-01,2099-12-31
c0117e84-cf1f-11e5-93e0-42010afa015a,Production Data Meters,2000056562317,DEFAULT,2010-01-01,2099-12-31
f94a316c-bb98-11e6-83c3-42010afa015a,Production Data Meters,Moira Road_16082291_Export,DEFAULT,2010-01-01,2099-12-31
406fefd2-f2b2-11e6-bbe3-42010afa015a,Production Data Meters,2200042729783,DEFAULT,2010-01-01,2099-12-31
4240a418-88c9-11e5-b5bd-00163e319984,Production Data Meters,"Cold HarbourInv1_20039650,Cold HarbourInv2_20039649",DEFAULT,2010-01-01,2099-12-31
0aab5922-7667-11e5-ae24-00163e319984,Production Data Meters,"HadleyInv1_15077619_export,HadleyInv2_15077618_export,HadleyInv3_15081049_export,HadleyInv4_15077615_export,HadleyInv5_15081045_export",DEFAULT,2010-01-01,2099-12-31
6fea06bc-1dba-11e6-99c2-42010afa015a,Production Data Meters,"LangtonInv1_15109902_export,LangtonInv2_15109901_export,LangtonInv3_15109900_export",DEFAULT,2010-01-01,2099-12-31
456d50e2-7667-11e5-b23d-00163e319984,Production Data Meters,"LawrenceEndInv1_15114173_export,LawrenceEndInv2_15114178_export",DEFAULT,2010-01-01,2099-12-31
62cd4d40-1b4e-11e6-9b7c-42010afa015a,Production Data Meters,"MaesInverter1_K20D03774_export,MaesInverter2_21014992_export,MaesInverter3_21014991_export",DEFAULT,2010-01-01,2099-12-31
d1a7bf5c-82d3-11e5-bfe5-00163e319984,Production Data Meters,"TyddynInv2_15118504_import,TyddynInv1_15118505_export",DEFAULT,2010-01-01,2099-12-31
f2ac0062-d97e-11e5-9e13-42010afa015a,Production Data Meters,QueenReservior1__K16D00045_export,DEFAULT,2010-01-01,2099-12-31
28fe9fa6-7667-11e5-a0d3-00163e319984,Production Data Meters,"RedhillInv1_15081052_import,RedhillInv2_15081048_import,RedhillInv3_15081046_import,RedhillInv4_15077617_import,RedhillInv5_15077616_import",DEFAULT,2010-01-01,2099-12-31
a5443db6-7b29-11e5-bf8e-00163e319984,Production Data Meters,"SouthAycliffeInv1_15114177_import,SouthAycliffeInv2_15114184_import,SouthAycliffeInv3_15114182_import",DEFAULT,2010-01-01,2099-12-31
87094d5a-7b29-11e5-b054-00163e319984,Production Data Meters,"SheriffhalesInv1_15081047_Export,SheriffhalesInv2_15081043_Export",DEFAULT,2010-01-01,2099-12-31
e5d8d1c8-014a-11e6-a4fa-42010afa015a,Production Data Meters,"UpperClayhill1_1_K14UP00196_import,UpperClayhill1_2_K14UP00172_import,UpperClayhill2_1_K14UP00181_import,UpperClayhill2_2_K14UP00191_import",DEFAULT,2010-01-01,2099-12-31
d3c89140-1b05-11e8-ad37-42010afa015a,Production Data Meters,"Bodmin1_E11D05806,Bodmin2_E11D05811,Bodmin3_E11D05805,Bodmin4_E11D05697",DEFAULT,2010-01-01,2099-12-31
d7c8e4ec-df11-11e6-8976-42010afa015a,Production Data Meters,Millar Farm (left Meter)_K16D01178_Export,DEFAULT,2010-01-01,2099-12-31
d660c71e-bc75-11e6-82fb-42010afa015a,Production Data Meters,1170000775721,DEFAULT,2010-01-01,2099-12-31
215c2bcc-0579-11e7-a6d6-42010afa015a,Production Data Meters,North Tenement_K17D01019_Export,DEFAULT,2010-01-01,2099-12-31
61ef95fa-0242-11e7-8194-42010afa015a,Production Data Meters,GreenLaneFarm_K17D01021_Export,DEFAULT,2010-01-01,2099-12-31
e63c1136-058e-11e7-9ebb-42010afa015a,Production Data Meters,1700053037529_K13C05616_Export,DEFAULT,2010-01-01,2099-12-31
6a40492c-0259-11e7-859d-42010afa015a,Production Data Meters,High Point_K17D01013_Export,DEFAULT,2010-01-01,2099-12-31
ef3baa8e-f46d-11e7-ac74-42010afa015a,Production Data Meters,16027121_16027121_Export,DEFAULT,2010-01-01,2099-12-31
c3b86820-f4fe-4c1e-9a04-a279402aba94,Production Data Meters,"Pilkington2_19012987_export,Pilkington3_19012988_export",DEFAULT,2010-01-01,2099-12-31
5f1e965d-2d6a-4487-962e-6b6d1cb0d3e3,Production Data Meters,Ibstock_19099995_Export,DEFAULT,2010-01-01,2099-12-31
61a6bfc2-e958-11e6-934a-42010afa015a/Lough,Production Data Meters,Lough_Road_16082288_Export,DEFAULT,2010-01-01,2099-12-31
61a6bfc2-e958-11e6-934a-42010afa015a/Belfast,Production Data Meters,Belfastroad_16080126_Export,DEFAULT,2010-01-01,2099-12-31
61a6bfc2-e958-11e6-934a-42010afa015a/Knockcairn,Production Data Meters,Knockern_16082287_Export,DEFAULT,2010-01-01,2099-12-31
61a6bfc2-e958-11e6-934a-42010afa015a/Hillside,Production Data Meters,Hillside_16082286_Export,DEFAULT,2010-01-01,2099-12-31
61a6bfc2-e958-11e6-934a-42010afa015a/Moira,Production Data Meters,Moira Road_16082291_Export,DEFAULT,2010-01-01,2099-12-31