Site Reference,Site Master Site Name,Source System,Data Series Type,Data Series Name,Typical Filename if Relevant,Site ID Insolar,segment_id,parameter_id,segment name if relevant
USL0002,LSBP - Bluewater,Insolar,Production,Net energy to the utility (daily),,dfbfda61-241b-4a3f-9228-adb697cb8bcf,52e9c7f8-23d0-11ea-9d29-42010afa015a,5969d118-23d0-11ea-9d29-42010afa015a,
USL0001,LSBP - Grants,Insolar,Production,Net energy to the utility (daily),,fb5416c5-2783-4f04-b819-6b3405e4fe69,5ce983e6-2359-11ea-ac60-42010afa015a,685dc7aa-2359-11ea-ac60-42010afa015a,
USL0008,Impact Solar,Insolar,Production,Exported Energy Site (total),,2db3996d-007b-4e47-ad6b-5382fffdb55f,6af641a6-ed0f-11ea-b62e-42010afa015a,013b7472-ed12-11ea-b62e-42010afa015a,
USL0004,Johnson Corner,Insolar,Production,New parameter pending to be created in Insolar,,,,,
USL0003,LSBP - Whitetail 1,Insolar,Production,Exported Energy Site (total),,f7f47eb7-3063-4933-b314-36906b439626,a40b500a-361f-11ea-a2e8-42010afa015a,aa84acba-361f-11ea-a2e8-42010afa015a,
USL0005,LSBP - WHITETAIL 2,Insolar,Production,Exported Energy Site (total),,6bb02858-6a46-44d7-827c-53e03fb95cfc,e1e4ac40-f7e5-11ea-97a3-42010afa015a,eb967f02-f7e5-11ea-97a3-42010afa015a,
USL0006,LSBP - WHITETAIL 3,Insolar,Production,Exported Energy Site (total),,78384234-b6f9-49af-a0d8-d7566f5afa9a,e1ba0ab6-e850-11ea-860d-42010afa015a,ec0efa12-e850-11ea-860d-42010afa015a,
USL0007,LSBP - WILDFLOWER,Insolar,Production,Exported Energy Site (total),,5c4ba477-84d2-45d6-8666-cb280f08f1b4,628b2d26-3ed9-11eb-b650-42010afa015a,a7b8daf6-3ed9-11eb-b650-42010afa015a,
AUS0001,WELLINGTON,Insolar,Production,Exported Energy Site (total),,305673d4-98a1-446e-a8cb-d1464e9407ee,8a7bf38a-6c7c-11eb-b044-42010afa015a,3f40a68a-6c7d-11eb-b044-42010afa015a,
USL0009,Elk Hill 2,Insolar,Production,Exported Energy Site (total),,eb6eb532-1105-462c-a1a2-8b1ca2f3e24e,6b14e55a-607a-11eb-bb7c-42010afa015a,74157c28-607a-11eb-bb7c-42010afa015a,
SPL0002,Calamocha II,Insolar,Production,Exported Energy Site (total),,7a41bf35-126c-405d-8312-a9e4a2ee46ac,8e960cf0-90b0-11eb-b4d5-42010afa015a,b1ece6ba-90b0-11eb-b4d5-42010afa015a,
SPL0003,Escucha II,Insolar,Production,Exported Energy Site (total),,7c7743b6-c618-4eb5-a4f5-214c20caeb7e,f7e4783a-9093-11eb-b662-42010afa015a,1ca0dfec-9094-11eb-b662-42010afa015a,
SPL0004,Penaflor II,Insolar,Production,Exported Energy Site (total),,5835264d-40d8-4ea3-9f24-b3a1dce76cc7,89573318-922c-11eb-8ab1-42010afa015a,adf3efea-922c-11eb-8ab1-42010afa015a,
SPL0005,Hijar I,Insolar,Production,Exported Energy Site (total),,de6e8907-e8f2-4f46-8f27-4d3c0926e893,e433c8d8-9078-11eb-a38c-42010afa015a,0841593e-9079-11eb-a38c-42010afa015a,
SPL0001,Tambores I,Insolar,Production,Exported Energy Site (total),,8d31e607-0b32-407b-b88f-fba4d2e27b83,7a55dac8-90a5-11eb-9402-42010afa015a,9f1dcdb6-90a5-11eb-9402-42010afa015a,
USL0008,Impact Solar,Insolar,Pyranometer,Inclined Irradiance,,2db3996d-007b-4e47-ad6b-5382fffdb55f,6afb9c82-ed0f-11ea-b62e-42010afa015a,25f01bb2-ed10-11ea-b62e-42010afa015a,Meteo Station 1.7
USL0008,Impact Solar,Insolar,Pyranometer,Inclined Irradiance,,2db3996d-007b-4e47-ad6b-5382fffdb55f,6b36db94-ed0f-11ea-b62e-42010afa015a,260013c8-ed10-11ea-b62e-42010afa015a,Meteo Station 2.7
USL0008,Impact Solar,Insolar,Pyranometer,Inclined Irradiance,,2db3996d-007b-4e47-ad6b-5382fffdb55f,6b703614-ed0f-11ea-b62e-42010afa015a,260fd45c-ed10-11ea-b62e-42010afa015a,Meteo Station 3.10
USL0008,Impact Solar,Insolar,Pyranometer,Inclined Irradiance,,2db3996d-007b-4e47-ad6b-5382fffdb55f,6bba56e0-ed0f-11ea-b62e-42010afa015a,26200d18-ed10-11ea-b62e-42010afa015a,Meteo Station 4.6
USL0008,Impact Solar,Insolar,Pyranometer,Inclined Irradiance,,2db3996d-007b-4e47-ad6b-5382fffdb55f,6bf50650-ed0f-11ea-b62e-42010afa015a,262f55fc-ed10-11ea-b62e-42010afa015a,Meteo Station 5.8
USL0004,Johnson Corner,Insolar,Pyranometer,Inclined Irradiance,,15e1d6a1-9807-4146-b241-f5340a65150d,7df796ea-7331-11ea-977d-42010afa015a,813034c0-7331-11ea-977d-42010afa015a,Meteo Station S/S02
USL0004,Johnson Corner,Insolar,Pyranometer,Inclined Irradiance,,15e1d6a1-9807-4146-b241-f5340a65150d,7e20413a-7331-11ea-977d-42010afa015a,8138c57c-7331-11ea-977d-42010afa015a,Meteo Station S/S04
USL0004,Johnson Corner,Insolar,Pyranometer,Inclined Irradiance,,15e1d6a1-9807-4146-b241-f5340a65150d,7e31020e-7331-11ea-977d-42010afa015a,813cad22-7331-11ea-977d-42010afa015a,Meteo Station S/S05
USL0004,Johnson Corner,Insolar,Pyranometer,Inclined Irradiance,,15e1d6a1-9807-4146-b241-f5340a65150d,7ddab5fc-7331-11ea-977d-42010afa015a,812c80be-7331-11ea-977d-42010afa015a,Meteo Station S/S01
USL0004,Johnson Corner,Insolar,Pyranometer,Inclined Irradiance,,15e1d6a1-9807-4146-b241-f5340a65150d,7e07fa80-7331-11ea-977d-42010afa015a,813455e6-7331-11ea-977d-42010afa015a,Meteo Station S/S03
USL0002,LSBP - Bluewater,Insolar,Pyranometer,Inclined Irradiance,,dfbfda61-241b-4a3f-9228-adb697cb8bcf,52ed94fa-23d0-11ea-9d29-42010afa015a,5331d12e-23d0-11ea-9d29-42010afa015a,
USL0001,LSBP - Grants,Insolar,Pyranometer,Inclined Irradiance,,fb5416c5-2783-4f04-b819-6b3405e4fe69,5cee4c1e-2359-11ea-ac60-42010afa015a,5d5b2c76-2359-11ea-ac60-42010afa015a,
USL0007,LSBP - WILDFLOWER,Insolar,Pyranometer,Inclined Irradiance,,5c4ba477-84d2-45d6-8666-cb280f08f1b4,62a49dc4-3ed9-11eb-b650-42010afa015a,66a50ef4-3ed9-11eb-b650-42010afa015a,Meteo Station S/S2
USL0007,LSBP - WILDFLOWER,Insolar,Pyranometer,Inclined Irradiance,,5c4ba477-84d2-45d6-8666-cb280f08f1b4,629083ac-3ed9-11eb-b650-42010afa015a,66a2574a-3ed9-11eb-b650-42010afa015a,Meteo Station S/S1
USL0003,LSBP - Whitetail 1,Insolar,Pyranometer,Inclined Irradiance,,f7f47eb7-3063-4933-b314-36906b439626,a40ef64c-361f-11ea-a2e8-42010afa015a,a4f23a92-361f-11ea-a2e8-42010afa015a,PCU1 Meteo
USL0003,LSBP - Whitetail 1,Insolar,Pyranometer,Inclined Irradiance,,f7f47eb7-3063-4933-b314-36906b439626,a45bb3e2-361f-11ea-a2e8-42010afa015a,a4f7c8cc-361f-11ea-a2e8-42010afa015a,PCU4 Meteo
USL0003,LSBP - Whitetail 1,Insolar,Pyranometer,Inclined Irradiance,,f7f47eb7-3063-4933-b314-36906b439626,a43082da-361f-11ea-a2e8-42010afa015a,a4f409f8-361f-11ea-a2e8-42010afa015a,PCU2 Meteo
USL0003,LSBP - Whitetail 1,Insolar,Pyranometer,Inclined Irradiance,,f7f47eb7-3063-4933-b314-36906b439626,a445d9d2-361f-11ea-a2e8-42010afa015a,a4f580c6-361f-11ea-a2e8-42010afa015a,PCU3 Meteo
USL0003,LSBP - Whitetail 1,Insolar,Pyranometer,Inclined Irradiance,,f7f47eb7-3063-4933-b314-36906b439626,a471e14e-361f-11ea-a2e8-42010afa015a,a4f94990-361f-11ea-a2e8-42010afa015a,PCU5 Meteo
USL0005,LSBP - WHITETAIL 2,Insolar,Pyranometer,Inclined Irradiance,,6bb02858-6a46-44d7-827c-53e03fb95cfc,e1e95510-f7e5-11ea-97a3-42010afa015a,e2c1ff46-f7e5-11ea-97a3-42010afa015a,Meteo PCU1
USL0005,LSBP - WHITETAIL 2,Insolar,Pyranometer,Inclined Irradiance,,6bb02858-6a46-44d7-827c-53e03fb95cfc,e2010fb6-f7e5-11ea-97a3-42010afa015a,e2c4e6fc-f7e5-11ea-97a3-42010afa015a,Meteo PCU5
USL0005,LSBP - WHITETAIL 2,Insolar,Pyranometer,Inclined Irradiance,,6bb02858-6a46-44d7-827c-53e03fb95cfc,e1f9913c-f7e5-11ea-97a3-42010afa015a,e2c3970c-f7e5-11ea-97a3-42010afa015a,Meteo PCU3
USL0005,LSBP - WHITETAIL 2,Insolar,Pyranometer,Inclined Irradiance,,6bb02858-6a46-44d7-827c-53e03fb95cfc,e206b75e-f7e5-11ea-97a3-42010afa015a,e2c633cc-f7e5-11ea-97a3-42010afa015a,Meteo PCU7
USL0006,LSBP - WHITETAIL 3,Insolar,Pyranometer,Inclined Irradiance,,78384234-b6f9-49af-a0d8-d7566f5afa9a,e1f05436-e850-11ea-860d-42010afa015a,e2c344ae-e850-11ea-860d-42010afa015a,PCU5 Meteo
USL0006,LSBP - WHITETAIL 3,Insolar,Pyranometer,Inclined Irradiance,,78384234-b6f9-49af-a0d8-d7566f5afa9a,e1dfe5ec-e850-11ea-860d-42010afa015a,e2c201a2-e850-11ea-860d-42010afa015a,PCU3 Meteo
USL0006,LSBP - WHITETAIL 3,Insolar,Pyranometer,Inclined Irradiance,,78384234-b6f9-49af-a0d8-d7566f5afa9a,e1d77470-e850-11ea-860d-42010afa015a,e2c0d02a-e850-11ea-860d-42010afa015a,PCU2 Meteo
USL0006,LSBP - WHITETAIL 3,Insolar,Pyranometer,Inclined Irradiance,,78384234-b6f9-49af-a0d8-d7566f5afa9a,e1fe8cea-e850-11ea-860d-42010afa015a,e2c48b02-e850-11ea-860d-42010afa015a,PCU7 Meteo
USL0009,Elk Hill 2,Insolar,Pyranometer,Inclined Irradiance,,eb6eb532-1105-462c-a1a2-8b1ca2f3e24e,6b19a522-607a-11eb-bb7c-42010afa015a,6bbd9e48-607a-11eb-bb7c-42010afa015a,Meteo Station S/S1
USL0009,Elk Hill 2,Insolar,Pyranometer,Inclined Irradiance,,eb6eb532-1105-462c-a1a2-8b1ca2f3e24e,6b38b3fe-607a-11eb-bb7c-42010afa015a,6bc03702-607a-11eb-bb7c-42010afa015a,Meteo Station S/S3
AUS0001,WELLINGTON,Insolar,Pyranometer,Inclined Irradiance,,305673d4-98a1-446e-a8cb-d1464e9407ee,8af83b66-6c7c-11eb-b044-42010afa015a,9b12235e-6c7c-11eb-b044-42010afa015a,15WMS01
AUS0001,WELLINGTON,Insolar,Pyranometer,Inclined Irradiance,,305673d4-98a1-446e-a8cb-d1464e9407ee,8a81c1ca-6c7c-11eb-b044-42010afa015a,9b044c3e-6c7c-11eb-b044-42010afa015a,05WMS01
AUS0001,WELLINGTON,Insolar,Pyranometer,Inclined Irradiance,,305673d4-98a1-446e-a8cb-d1464e9407ee,8ac13472-6c7c-11eb-b044-42010afa015a,9b0b18d4-6c7c-11eb-b044-42010afa015a,08WMS01
AUS0001,WELLINGTON,Insolar,Pyranometer,Inclined Irradiance,,305673d4-98a1-446e-a8cb-d1464e9407ee,8b441c70-6c7c-11eb-b044-42010afa015a,9b18eaae-6c7c-11eb-b044-42010afa015a,18WMS01
AUS0001,WELLINGTON,Insolar,Pyranometer,Inclined Irradiance,,305673d4-98a1-446e-a8cb-d1464e9407ee,8b8adba6-6c7c-11eb-b044-42010afa015a,9b1f973c-6c7c-11eb-b044-42010afa015a,21WMS01
AUS0001,WELLINGTON,Insolar,Pyranometer,Inclined Irradiance,,305673d4-98a1-446e-a8cb-d1464e9407ee,8c08702a-6c7c-11eb-b044-42010afa015a,9b2d750a-6c7c-11eb-b044-42010afa015a,29WMS01
AUS0001,WELLINGTON,Insolar,Pyranometer,Inclined Irradiance,,305673d4-98a1-446e-a8cb-d1464e9407ee,8bbfbf7e-6c7c-11eb-b044-42010afa015a,9b26a054-6c7c-11eb-b044-42010afa015a,24WMS01
SPL0002,Calamocha II,Insolar,Pyranometer,Inclined Irradiance,,7a41bf35-126c-405d-8312-a9e4a2ee46ac,8e9a9e8c-90b0-11eb-b4d5-42010afa015a,91235450-90b0-11eb-b4d5-42010afa015a,C-3 Base
SPL0002,Calamocha II,Insolar,Pyranometer,Inclined Irradiance,,7a41bf35-126c-405d-8312-a9e4a2ee46ac,8eacc56c-90b0-11eb-b4d5-42010afa015a,9128ee38-90b0-11eb-b4d5-42010afa015a,C-4 Soiling
SPL0003,Escucha II,Insolar,Pyranometer,Inclined Irradiance,,7c7743b6-c618-4eb5-a4f5-214c20caeb7e,f7eb00f6-9093-11eb-b662-42010afa015a,fa81ffe0-9093-11eb-b662-42010afa015a,E-1 Base
SPL0003,Escucha II,Insolar,Pyranometer,Inclined Irradiance,,7c7743b6-c618-4eb5-a4f5-214c20caeb7e,f7fdcccc-9093-11eb-b662-42010afa015a,fa8796b2-9093-11eb-b662-42010afa015a,E-7 Soiling
SPL0005,Hijar I,Insolar,Pyranometer,Inclined Irradiance,,de6e8907-e8f2-4f46-8f27-4d3c0926e893,e4388cc4-9078-11eb-a38c-42010afa015a,e6d8c30e-9078-11eb-a38c-42010afa015a,H-1 Soiling
SPL0005,Hijar I,Insolar,Pyranometer,Inclined Irradiance,,de6e8907-e8f2-4f46-8f27-4d3c0926e893,e44b53fe-9078-11eb-a38c-42010afa015a,e6de40cc-9078-11eb-a38c-42010afa015a,H-7 Base
SPL0004,Penaflor II,Insolar,Pyranometer,Inclined Irradiance,,5835264d-40d8-4ea3-9f24-b3a1dce76cc7,895c350c-922c-11eb-8ab1-42010afa015a,8c015d00-922c-11eb-8ab1-42010afa015a,P-3 Soiling
SPL0004,Penaflor II,Insolar,Pyranometer,Inclined Irradiance,,5835264d-40d8-4ea3-9f24-b3a1dce76cc7,89705244-922c-11eb-8ab1-42010afa015a,8c06bcb4-922c-11eb-8ab1-42010afa015a,P-7 Base
SPL0001,Tambores I,Insolar,Pyranometer,Inclined Irradiance,,8d31e607-0b32-407b-b88f-fba4d2e27b83,7a5c6e9c-90a5-11eb-9402-42010afa015a,7d1f69a4-90a5-11eb-9402-42010afa015a,T-1 Base
SPL0001,Tambores I,Insolar,Pyranometer,Inclined Irradiance,,8d31e607-0b32-407b-b88f-fba4d2e27b83,7a6fe21a-90a5-11eb-9402-42010afa015a,7d2500d0-90a5-11eb-9402-42010afa015a,T-7 Soiling