Site Reference,Site Master Site Name,Source System,Data Series Type,Data Series Name,Typical Filename if Relevant,Site ID Insolar,segment_id,parameter_id,segment name if relevant
USL0007,LSBP - WILDFLOWER,Insolar,Pyranometer,Inclined Irradiance 2,,5c4ba477-84d2-45d6-8666-cb280f08f1b4,629083ac-3ed9-11eb-b650-42010afa015a,66a2c5f4-3ed9-11eb-b650-42010afa015a,
AUS0001,WELLINGTON,Insolar,Pyranometer,Inclined Irradiance 2,,305673d4-98a1-446e-a8cb-d1464e9407ee,8a81c1ca-6c7c-11eb-b044-42010afa015a,9b05af16-6c7c-11eb-b044-42010afa015a,
AUS0001,WELLINGTON,Insolar,Pyranometer,Inclined Irradiance 2,,305673d4-98a1-446e-a8cb-d1464e9407ee,8ac13472-6c7c-11eb-b044-42010afa015a,9b0cee5c-6c7c-11eb-b044-42010afa015a,
AUS0001,WELLINGTON,Insolar,Pyranometer,Inclined Irradiance 2,,305673d4-98a1-446e-a8cb-d1464e9407ee,8af83b66-6c7c-11eb-b044-42010afa015a,9b139b4e-6c7c-11eb-b044-42010afa015a,
AUS0001,WELLINGTON,Insolar,Pyranometer,Inclined Irradiance 2,,305673d4-98a1-446e-a8cb-d1464e9407ee,8b441c70-6c7c-11eb-b044-42010afa015a,9b1a3ac6-6c7c-11eb-b044-42010afa015a,
AUS0001,WELLINGTON,Insolar,Pyranometer,Inclined Irradiance 2,,305673d4-98a1-446e-a8cb-d1464e9407ee,8b8adba6-6c7c-11eb-b044-42010afa015a,9b211aee-6c7c-11eb-b044-42010afa015a,
AUS0001,WELLINGTON,Insolar,Pyranometer,Inclined Irradiance 2,,305673d4-98a1-446e-a8cb-d1464e9407ee,8bbfbf7e-6c7c-11eb-b044-42010afa015a,9b2803e0-6c7c-11eb-b044-42010afa015a,
AUS0001,WELLINGTON,Insolar,Pyranometer,Inclined Irradiance 2,,305673d4-98a1-446e-a8cb-d1464e9407ee,8c08702a-6c7c-11eb-b044-42010afa015a,9b2ec824-6c7c-11eb-b044-42010afa015a,
SPL0002,Calamocha II,Insolar,Pyranometer,Inclined Irradiance 2,,7a41bf35-126c-405d-8312-a9e4a2ee46ac,8e9a9e8c-90b0-11eb-b4d5-42010afa015a,91249db0-90b0-11eb-b4d5-42010afa015a,C-3 Base
SPL0003,Calamocha II,Insolar,Pyranometer,Inclined Irradiance 2,,7a41bf35-126c-405d-8312-a9e4a2ee46ac,8eacc56c-90b0-11eb-b4d5-42010afa015a,912ac79e-90b0-11eb-b4d5-42010afa015a,C-4 Soiling
SPL0003,Escucha II,Insolar,Pyranometer,Inclined Irradiance 2,,7c7743b6-c618-4eb5-a4f5-214c20caeb7e,f7eb00f6-9093-11eb-b662-42010afa015a,fa835f02-9093-11eb-b662-42010afa015a,E-1 Base
SPL0005,Escucha II,Insolar,Pyranometer,Inclined Irradiance 2,,7c7743b6-c618-4eb5-a4f5-214c20caeb7e,f7fdcccc-9093-11eb-b662-42010afa015a,f7eb00f6-9093-11eb-b662-42010afa015a,E-7 Soiling
SPL0005,Hijar I,Insolar,Pyranometer,Inclined Irradiance 2,,de6e8907-e8f2-4f46-8f27-4d3c0926e893,e4388cc4-9078-11eb-a38c-42010afa015a,e6da0cc8-9078-11eb-a38c-42010afa015a,H-1 Soiling
SPL0004,Hijar I,Insolar,Pyranometer,Inclined Irradiance 2,,de6e8907-e8f2-4f46-8f27-4d3c0926e894,e44b53fe-9078-11eb-a38c-42010afa015a,e6df93e6-9078-11eb-a38c-42010afa015a,H-7 Base
SPL0004,Penaflor II,Insolar,Pyranometer,Inclined Irradiance 2,,5835264d-40d8-4ea3-9f24-b3a1dce76cc7,895c350c-922c-11eb-8ab1-42010afa015a,8c02ac78-922c-11eb-8ab1-42010afa015a,P-3 Soiling
SPL0001,Penaflor II,Insolar,Pyranometer,Inclined Irradiance 2,,5835264d-40d8-4ea3-9f24-b3a1dce76cc8,89705244-922c-11eb-8ab1-42010afa015a,8c080c2c-922c-11eb-8ab1-42010afa015a,P-7 Base
SPL0001,Tambores I,Insolar,Pyranometer,Inclined Irradiance 2,,8d31e607-0b32-407b-b88f-fba4d2e27b83,7a5c6e9c-90a5-11eb-9402-42010afa015a,7d20bbec-90a5-11eb-9402-42010afa015a,T-1 Base
SPL0001,Tambores I,Insolar,Pyranometer,Inclined Irradiance 2,,8d31e607-0b32-407b-b88f-fba4d2e27b83,7a6fe21a-90a5-11eb-9402-42010afa015a,7d267a5a-90a5-11eb-9402-42010afa015a,T-7 Soiling
