Site Master Site ID,Site Reference,Site Master Site Name,Data Series Type,Number of equal consecutive values�,Maximum number of records to interpolate,Maximum number of records to backfill,Irradiance Minimum,Irradiance Maximum,Sunrise Buffer Mins,Sunset Buffer Mins,Maximum Tracker Deviation,Site ID Insolar,Site ID Meteocontrol,Client ID Meteocontrol
827,UKL0174,Acrefair,Irradiance,2,3,3,0,2000,-30,60,,d3c18cba-7666-11e5-991b-00163e319984,,
346,UKL0016,Barton,Irradiance,2,3,3,0,2000,-30,60,,4babe062-839b-11e6-bcf6-42010afa015a,,
932,UKL0266,Beckton,Irradiance,2,3,3,0,2000,-30,60,,720b84f0-170c-11e8-9fd0-42010afa015a,,
966,UKL0285,Belfast Road,Irradiance,2,3,3,0,2000,-30,60,,61a6bfc2-e958-11e6-934a-42010afa015a,,
6,UKL0007,Benbole,Irradiance,2,3,3,0,2000,-30,60,,607e6d46-170c-11e4-a960-00163e944340,,
816,UKL0164,Bentley Estate,Irradiance,2,3,3,0,2000,-30,60,,3bad398e-2321-11e6-8ac4-42010afa015a,,
883,UKL0208,Bentley Estate 2,Irradiance,2,3,3,0,2000,-30,60,,845052ea-5d53-11e6-966f-42010afa015a,,
877,UKL0202,Binsted,Irradiance,2,3,3,0,2000,-30,60,,c0117e84-cf1f-11e5-93e0-42010afa015a,,
431,UKL0073,Blatchworthy,Irradiance,2,3,3,0,2000,-30,60,,09ceeec8-cc1c-11e5-bdb4-42010afa015a,,
942,UKL0276,Bodmin (Bodiniel),Irradiance,2,3,3,0,2000,-30,60,,fcb9f2c6-1d56-11e8-88a8-002324288d55,,
950,UKL0283,Bolsovermoor Quarry,Irradiance,2,3,3,0,2000,-30,60,,d660c71e-bc75-11e6-82fb-42010afa015a,,
347,UKL0017,Broadgate,Irradiance,2,3,3,0,2000,-30,60,,00491038-8475-11e6-82f1-42010afa015a,,
911,UKL0244,Brook Farm,Irradiance,2,3,3,0,2000,-30,60,,22582306-2dcd-11e7-9820-42010afa015a,,
10000233,LRS0071,Bryn Bachau,Irradiance,2,3,3,0,2000,-30,60,,NULL,,
919,UKL0252,Brynteg,Irradiance,2,3,3,0,2000,-30,60,,0657bb06-302c-11e7-a8bd-42010afa015a,,
817,UKL0165,Buckland (Church) Farm,Irradiance,2,3,3,0,2000,-30,60,,da36aece-1295-11e6-9b13-42010afa015a,,
555,UKL0125,Burnthouse,Irradiance,2,3,3,0,2000,-30,60,,e12a230e-4fb0-11e4-9a95-00163e944340,,
920,UKL0253,Burthy,Irradiance,2,3,3,0,2000,-30,60,,c706e844-39a1-11e7-8947-42010afa015a,,
1949,UKL0299,Burwell/Goosehall,Irradiance,2,3,3,0,2000,-30,60,,NULL,,
912,UKL0245,Bury Lane,Irradiance,2,3,3,0,2000,-30,60,,9c631616-302e-11e7-bb8d-42010afa015a,,
908,UKL0242,Castle Combe,Irradiance,2,3,3,0,2000,-30,60,,a7d53f98-2f88-11e7-badf-42010afa015a,,
878,UKL0203,Charity Farm,Irradiance,2,3,3,0,2000,-30,60,,61f086a6-1e84-11e6-ba2d-42010afa015a,,
345,UKL0015,Chittering,Irradiance,2,3,3,0,2000,-30,60,,944d507e-5e18-11e6-8ecd-42010afa015a,,
435,UKL0077,Cleave Farm,Irradiance,2,3,3,0,2000,-30,60,,a6ef1074-eab8-11e5-bbaf-42010afa015a,,
826,UKL0173,Cold Harbour,Irradiance,2,3,3,0,2000,-30,60,,4240a418-88c9-11e5-b5bd-00163e319984,,
1025,LRS0061,Coombeshead Solar Farm,Irradiance,2,3,3,0,2000,-30,60,,b53a170c-0177-11e6-97d3-00163eb15f52,,
862,UKL0191,Crookedstone Road,Irradiance,2,3,3,0,2000,-30,60,,2ff181a0-ce3e-11e5-a316-42010afa015a,,
933,UKL0267,Crossness,Irradiance,2,3,3,0,2000,-30,60,,5bb8e674-18ac-11e8-b5d4-42010afa015a,,
909,UKL0243,Crucis Farm,Irradiance,2,3,3,0,2000,-30,60,,06080238-2dce-11e7-90d9-42010afa015a,,
987,LRS0011,Crugmawr (Crugmore),Irradiance,2,3,3,0,2000,-30,60,,LRS0011,,
921,UKL0254,Crundale,Irradiance,2,3,3,0,2000,-30,60,,90bd91f8-302c-11e7-9509-42010afa015a,,
904,UKL0239,Cwrt Henllys,Irradiance,2,3,3,0,2000,-30,60,,9ee0d2b4-945e-11e6-9853-42010afa015a,,
10,UKL0011,Dunsfold,Irradiance,2,3,3,0,2000,-30,60,,1331d0ca-4466-11e7-bda4-42010afa015a,,
354,UKL0024,Eastacombe,Irradiance,2,3,3,0,2000,-30,60,,95284652-a8be-11e6-b4b5-42010afa015a,,
922,UKL0255,Epwell,Irradiance,2,3,3,0,2000,-30,60,,771a5f08-2c0b-11e7-98f7-42010afa015a,,
913,UKL0246,Exning,Irradiance,2,3,3,0,2000,-30,60,,64ca83d8-302e-11e7-ba19-42010afa015a,,
914,UKL0247,Fairwinds,Irradiance,2,3,3,0,2000,-30,60,,d3b6a36c-302e-11e7-b0c9-42010afa015a,,
910,UKL0257,Fareham,Irradiance,2,3,3,0,2000,-30,60,,5bb0689a-39a1-11e7-b4c5-42010afa015a,,
357,UKL0021,Fawley (Langley),Irradiance,2,3,3,0,2000,-30,60,,b1d0f1c2-05c5-11e8-adc5-42010afa015a,,
353,UKL0023,Ffos Las,Irradiance,2,3,3,0,2000,-30,60,,448ee4b6-fd66-11e5-83a4-42010afa015a,,
937,UKL0271,Fields Farm,Irradiance,2,3,3,0,2000,-30,60,,71c8d4a4-d813-11e6-90c0-42010afa015a,,
1067,UKL0293,Finvoy,Irradiance,2,3,3,0,2000,-30,60,,9a13d2a6-ba30-11e7-885d-42010afa015a,,
815,UKL0163,Francis Court,Irradiance,2,3,3,0,2000,-30,60,,,,
882,UKL0207,Gelli Gron,Irradiance,2,3,3,0,2000,-30,60,,481e8136-a0e0-11e6-b00c-42010afa015a,,
1074,UKL0295,Gibson Farm-Brett Martin,Irradiance,2,3,3,0,2000,-30,60,,ef3baa8e-f46d-11e7-ac74-42010afa015a,,
985,LRS0009,Golden Hills,Irradiance,2,3,3,0,2000,-30,60,,LRS0009,,
1018,LRS0021,Goonhilly,Irradiance,2,3,3,0,2000,-30,60,,,N77V7,2
13,UKL0014,Gray (Manor) Farm,Irradiance,2,3,3,0,2000,-30,60,,1775e83a-0d9e-11e4-a84c-00163e944340,,
351,UKL0020,Great Knowles,Irradiance,2,3,3,0,2000,-30,60,,469642b4-a8f0-11e6-9de9-42010afa015a,,
1024,UKL0286,Green Lane,Irradiance,2,3,3,0,2000,-30,60,,61ef95fa-0242-11e7-8194-42010afa015a,,
818,UKL0166,Hadley Farm,Irradiance,2,3,3,0,2000,-30,60,,0aab5922-7667-11e5-ae24-00163e319984,,
3,UKL0004,Hardie (Moor 1) Farm,Irradiance,2,3,3,0,2000,-30,60,,4d46e80a-28d4-11e4-aaab-00163e944340,,
559,UKL0155,Henbury Quarry,Irradiance,2,3,3,0,2000,-30,60,,7bf25bd8-7584-11e4-ba02-00163e944340,,
1031,UKL0287,High Point,Irradiance,2,3,3,0,2000,-30,60,,6a40492c-0259-11e7-859d-42010afa015a,,
356,UKL0026,Higher Pirzwell,Irradiance,2,3,3,0,2000,-30,60,,e0318434-8531-11e6-aa7b-42010afa015a,,
923,UKL0256,Hill Farm,Irradiance,2,3,3,0,2000,-30,60,,88924fd4-316f-11e7-9f0a-42010afa015a,,
880,UKL0205,Hill Hall Farm,Irradiance,2,3,3,0,2000,-30,60,,49ab6f04-8f9d-11e6-8729-42010afa015a,,
924,UKL0258,Hill House Farm,Irradiance,2,3,3,0,2000,-30,60,,8131e1c0-2f88-11e7-8429-42010afa015a,,
915,UKL0248,Horam,Irradiance,2,3,3,0,2000,-30,60,,3133cec2-39a1-11e7-a34f-42010afa015a,,
837,UKL0182,Hornacott,Irradiance,2,3,3,0,2000,-30,60,,650a786e-7b29-11e5-847d-00163e319984,,
7,UKL0008,Howbery,Irradiance,2,3,3,0,2000,-30,60,,d68cb868-f0b0-11e7-89a5-42010afa015a,,
5,UKL0006,Howton Farm,Irradiance,2,3,3,0,2000,-30,60,,f76bb7e2-4cc9-11e5-932b-00163e319984,,
1942,UKL0298,Ibstock,Irradiance,2,3,3,0,2000,-30,60,,NULL,,
400,UKL0044,Kia-ora Farm,Irradiance,2,3,3,0,2000,-30,60,,09c4546a-cb2f-11e5-9d5c-42010afa015a,,
947,UKL0281,Knockcairn Road,Irradiance,2,3,3,0,2000,-30,60,,61a6bfc2-e958-11e6-934a-42010afa015a,,
916,UKL0249,Knowlton,Irradiance,2,3,3,0,2000,-30,60,,6b5ae7dc-302f-11e7-aa34-42010afa015a,,
819,UKL0167,Langton Farm,Irradiance,2,3,3,0,2000,-30,60,,6fea06bc-1dba-11e6-99c2-42010afa015a,,
925,UKL0261,Langunnett,Irradiance,2,3,3,0,2000,-30,60,,95b88004-39a1-11e7-a997-42010afa015a,,
602,UKL0013,Laurenson (Trevemper) Farm,Irradiance,2,3,3,0,2000,-30,60,,37435034-a9bf-11e6-b8a8-42010afa015a,,
840,UKL0185,Lawrence End Park,Irradiance,2,3,3,0,2000,-30,60,,456d50e2-7667-11e5-b23d-00163e319984,,
926,UKL0260,Little Neath,Irradiance,2,3,3,0,2000,-30,60,,c385ce20-302c-11e7-bfca-42010afa015a,,
945,UKL0279,Lough Road,Irradiance,2,3,3,0,2000,-30,60,,61a6bfc2-e958-11e6-934a-42010afa015a,,
949,UKL0282,Lough Road 2 (Hillside),Irradiance,2,3,3,0,2000,-30,60,,61a6bfc2-e958-11e6-934a-42010afa015a,,
414,UKL0057,Luson,Irradiance,2,3,3,0,2000,-30,60,,9786871a-d55b-11e5-a4b3-42010afa015a,,
820,UKL0168,Maes Bach,Irradiance,2,3,3,0,2000,-30,60,,62cd4d40-1b4e-11e6-9b7c-42010afa015a,,
1065,UKL0294,Maghaberry,Irradiance,2,3,3,0,2000,-30,60,,09d24998-aff9-11e7-8eb0-42010afa015a,,
578,UKL0146,Manor Farm Eggington,Irradiance,2,3,3,0,2000,-30,60,,d341e550-b5b9-11e4-a337-00163e944340,,
917,UKL0250,Manston,Irradiance,2,3,3,0,2000,-30,60,,1d9340f8-302f-11e7-b545-42010afa015a,,
9,UKL0010,Marston,Irradiance,2,3,3,0,2000,-30,60,,94e71648-523c-11e5-9766-00163e319984,,
1,UKL0001,McGuigan (Wilburton) Farm,Irradiance,2,3,3,0,2000,-30,60,,b526d9f0-5d4b-11e6-8ba0-42010afa015a,,
939,UKL0273,Meadow Farm (Thorpe Langton),Irradiance,2,3,3,0,2000,-30,60,,83e94b4c-f8f6-11e6-8034-42010afa015a,,
10000049,LRS0022,Mendennick,Irradiance,2,3,3,0,2000,-30,60,,LRS0022,,
906,UKL0241,Middle Balbeggie,Irradiance,2,3,3,0,2000,-30,60,,b8a36c64-d272-11e6-aed3-42010afa015a,,
944,UKL0278,Millar Farm,Irradiance,2,3,3,0,2000,-30,60,,d7c8e4ec-df11-11e6-8976-42010afa015a,,
946,UKL0280,Moira Road,Irradiance,2,3,3,0,2000,-30,60,,61a6bfc2-e958-11e6-934a-42010afa015a,,
814,UKL0162,Molland Farm,Irradiance,2,3,3,0,2000,-30,60,,,,
905,UKL0240,Morfa Farm,Irradiance,2,3,3,0,2000,-30,60,,f94a316c-bb98-11e6-83c3-42010afa015a,,
821,UKL0169,Nefyn,Irradiance,2,3,3,0,2000,-30,60,,d1a7bf5c-82d3-11e5-bfe5-00163e319984,,
935,UKL0269,Norrington,Irradiance,2,3,3,0,2000,-30,60,,edfdc30a-39a1-11e7-9b57-42010afa015a,,
1036,UKL0288,North Tenement,Irradiance,2,3,3,0,2000,-30,60,,215c2bcc-0579-11e7-a6d6-42010afa015a,,
977,LRS0001,Park Farm,Irradiance,2,3,3,0,2000,-30,60,,210ac690-974b-11e4-a7d7-00163e944340,,
940,UKL0274,Park Farm West,Irradiance,2,3,3,0,2000,-30,60,,32dadc3e-c5e3-11e6-884c-42010afa015a,,
936,UKL0270,Parsonage Wood,Irradiance,2,3,3,0,2000,-30,60,,e8202e76-d65c-11e6-8907-42010afa015a,,
938,UKL0272,Pen Rhiw,Irradiance,2,3,3,0,2000,-30,60,,088ac658-dd65-11e6-9a06-42010afa015a,,
1030,LRS0062,Pencoose,Irradiance,2,3,3,0,2000,-30,60,,,QDHF2,2
1941,UKL0297,Pilkington,Irradiance,2,3,3,0,2000,-30,60,,fcb9f2c6-1d56-11e8-88a8-002324288d55,,
349,UKL0019,Pont Andrew,Irradiance,2,3,3,0,2000,-30,60,,cb697cbe-5c87-11e6-ab75-42010afa015a,,
1063,UKL0292,Pressock,Irradiance,2,3,3,0,2000,-30,60,,e63c1136-058e-11e7-9ebb-42010afa015a,,
927,UKL0259,Prestop Park,Irradiance,2,3,3,0,2000,-30,60,,0a2c39d0-302e-11e7-a7ab-42010afa015a,,
927,UKL0259,Prestop Park,Irradiance,2,3,3,0,2000,-30,60,,,,
557,UKL0127,Primrose Hill,Irradiance,2,3,3,0,2000,-30,60,,5c1807d0-8627-11e6-9604-42010afa015a,,
11,UKL0012,Promens,Irradiance,2,3,3,0,2000,-30,60,,d2167ab4-26ee-11e5-ae6e-00163e319984,,
841,UKL0189,QE2 Floater,Irradiance,2,3,3,0,2000,-30,60,,f2ac0062-d97e-11e5-9e13-42010afa015a,,
823,UKL0171,Redhill Farm,Irradiance,2,3,3,0,2000,-30,60,,28fe9fa6-7667-11e5-a0d3-00163e319984,,
8,UKL0009,Robb (Hawton) Farm,Irradiance,2,3,3,0,2000,-30,60,,eb052d08-5fab-11e6-854d-42010afa015a,,
444,UKL0086,Rudge Hill Farm,Irradiance,2,3,3,0,2000,-30,60,,c8edf6dc-dba8-11e5-91ef-42010afa015a,,
881,UKL0206,Safeguard Bradwall,Irradiance,2,3,3,0,2000,-30,60,,01b6eefa-aa5d-11e6-8050-42010afa015a,,
2,UKL0003,Sandhill,Irradiance,2,3,3,0,2000,-30,60,,f499052a-2c35-11e4-8cf7-00163e944340,,
978,LRS0002,Sawmills,Irradiance,2,3,3,0,2000,-30,60,,60b78622-9aff-11e4-9dc4-00163e944340,,
928,UKL0265,Says Court,Irradiance,2,3,3,0,2000,-30,60,,b4158c02-2dcd-11e7-8f44-42010afa015a,,
825,UKL0172,School Aycliffe,Irradiance,2,3,3,0,2000,-30,60,,a5443db6-7b29-11e5-bf8e-00163e319984,,
573,UKL0142,Shaftesbury,Irradiance,2,3,3,0,2000,-30,60,,a5f6ffaa-b900-11e4-8889-00163e944340,,
941,UKL0275,Sharland Farm,Irradiance,2,3,3,0,2000,-30,60,,406fefd2-f2b2-11e6-bbe3-42010afa015a,,
832,UKL0178,Sheriffhales,Irradiance,2,3,3,0,2000,-30,60,,87094d5a-7b29-11e5-b054-00163e319984,,
879,UKL0204,Sheriffhales CIC,Irradiance,2,3,3,0,2000,-30,60,,4096d0f0-2276-11e6-9998-42010afa015a,,
986,LRS0010,Shoals Hook,Irradiance,2,3,3,0,2000,-30,60,,LRS0010,,
839,UKL0184,South Creake,Irradiance,2,3,3,0,2000,-30,60,,b0234d8a-c368-11e5-abba-42010afa015a,,
556,UKL0126,St Francis,Irradiance,2,3,3,0,2000,-30,60,,44aa883e-3a14-11e6-b9a5-42010afa015a,,
388,UKL0036,Stables Farm,Irradiance,2,3,3,0,2000,-30,60,,6b9cdd46-5cd0-11e6-9f88-42010afa015a,,
873,UKL0198,Staining Wood,Irradiance,2,3,3,0,2000,-30,60,,e385bcfa-dbc1-11e5-88e4-42010afa015a,,
876,UKL0201,Stragglethorpe Road,Irradiance,2,3,3,0,2000,-30,60,,5f282642-e52a-11e5-af30-42010afa015a,,
350,UKL0027,Summerlands,Irradiance,2,3,3,0,2000,-30,60,,3e5f6756-a9b8-11e6-9d2a-42010afa015a,,
929,UKL0264,Sundorne,Irradiance,2,3,3,0,2000,-30,60,,6659780e-302d-11e7-a9a8-42010afa015a,,
430,UKL0072,Trefinnick,Irradiance,2,3,3,0,2000,-30,60,,07ba0318-a987-11e6-b57e-42010afa015a,,
551,UKL0120,Treguff,Irradiance,2,3,3,0,2000,-30,60,,3785f0d2-8393-11e4-927f-00163e944340,,
822,UKL0170,Upper Clayhill,Irradiance,2,3,3,0,2000,-30,60,,e5d8d1c8-014a-11e6-a4fa-42010afa015a,,
1019,LRS0060,Verwood Solar Farm ,Irradiance,2,3,3,0,2000,-30,60,,b53a170c-0177-11e6-97d3-00163eb15f52,,
934,UKL0268,Walton,Irradiance,2,3,3,0,2000,-30,60,,40256ce2-1722-11e8-8861-42010afa015a,,
352,UKL0022,West Bradley,Irradiance,2,3,3,0,2000,-30,60,,a89dd188-a9af-11e6-921c-42010afa015a,,
930,UKL0263,West Farm,Irradiance,2,3,3,0,2000,-30,60,,4d3db02a-302c-11e7-ba3e-42010afa015a,,
918,UKL0251,Westwood,Irradiance,2,3,3,0,2000,-30,60,,3eaa5b50-302f-11e7-9ec4-42010afa015a,,
107,UKL0002,Wheal Jane,Irradiance,2,3,3,0,2000,-30,60,,98544f5e-a99c-11e6-bea8-42010afa015a,,
965,UKL0284,Wick Red Farm,Irradiance,2,3,3,0,2000,-30,60,,fe682cca-f9e6-11e7-993a-42010afa015a,,
931,UKL0262,Wrockwardine,Irradiance,2,3,3,0,2000,-30,60,,c147e58e-302d-11e7-8cbc-42010afa015a,,
981,LRS0005,Yardwall ,Irradiance,2,3,3,0,2000,-30,60,,38d79722-051d-11e5-8535-00163e944340,,
348,UKL0018,Yeowood,Irradiance,2,3,3,0,2000,-30,60,,2ead00c4-01e6-11e4-9c90-00163e944340,,
1944,USL0002,Bluewater,Irradiance,2,3,3,0,2000,-30,60,5,dfbfda61-241b-4a3f-9228-adb697cb8bcf,,
1964,SPL0002,Calamocha II,Irradiance,2,3,3,0,2000,-30,60,5,7a41bf35-126c-405d-8312-a9e4a2ee46ac,,
1961,USL0009,Elk Hill 2,Irradiance,2,3,3,0,2000,-30,60,5,eb6eb532-1105-462c-a1a2-8b1ca2f3e24e,,
1965,SPL0003,Escucha II,Irradiance,2,3,3,0,2000,-30,60,5,7c7743b6-c618-4eb5-a4f5-214c20caeb7e,,
1943,USL0001,Grants,Irradiance,2,3,3,0,2000,-30,60,5,fb5416c5-2783-4f04-b819-6b3405e4fe69,,
1967,SPL0005,Hijar I,Irradiance,2,3,3,0,2000,-30,60,5,de6e8907-e8f2-4f46-8f27-4d3c0926e893,,
1960,USL0008,Impact,Irradiance,2,3,3,0,2000,-30,60,5,2db3996d-007b-4e47-ad6b-5382fffdb55f,,
1946,USL0004,Johnson Corner Solar I,Irradiance,2,3,3,0,2000,-30,60,5,15e1d6a1-9807-4146-b241-f5340a65150d,,
1966,SPL0004,Penaflor II,Irradiance,2,3,3,0,2000,-30,60,5,5835264d-40d8-4ea3-9f24-b3a1dce76cc7,,
1963,SPL0001,Tambores I,Irradiance,2,3,3,0,2000,-30,60,5,8d31e607-0b32-407b-b88f-fba4d2e27b83,,
1969,AUS0001,Wellington,Irradiance,2,3,3,0,2000,-30,60,5,305673d4-98a1-446e-a8cb-d1464e9407ee,,
1945,USL0003,Whitetail Solar 1,Irradiance,2,3,3,0,2000,-30,60,5,f7f47eb7-3063-4933-b314-36906b439626,,
1947,USL0005,Whitetail Solar 2,Irradiance,2,3,3,0,2000,-30,60,5,6bb02858-6a46-44d7-827c-53e03fb95cfc,,
1948,USL0006,Whitetail Solar 3,Irradiance,2,3,3,0,2000,-30,60,5,78384234-b6f9-49af-a0d8-d7566f5afa9a,,
1959,USL0007,Wildflower,Irradiance,2,3,3,0,2000,-30,60,5,5c4ba477-84d2-45d6-8666-cb280f08f1b4,,