Site Reference,Site Master Site Name,Satellite Threshold
UKL0174,Acrefair,30
UKL0016,Barton,20
UKL0266,Beckton,30
UKL0285,Belfast Road,30
UKL0007,Benbole,30
UKL0164,Bentley Estate,30
UKL0208,Bentley Estate 2,30
UKL0202,Binsted,30
UKL0073,Blatchworthy,30
UKL0276,Bodmin (Bodiniel),30
UKL0283,Bolsovermoor Quarry,30
UKL0017,Broadgate,20
UKL0244,Brook Farm,30
LRS0071,Bryn Bachau,50
UKL0252,Brynteg,30
UKL0165,Buckland (Church) Farm,30
UKL0125,Burnthouse,30
UKL0253,Burthy,30
UKL0299,Burwell/Goosehall,30
UKL0245,Bury Lane,30
UKL0242,Castle Combe,30
LRS0020,Chalgrove,30
UKL0203,Charity Farm,30
UKL0015,Chittering,30
UKL0077,Cleave Farm,30
UKL0173,Cold Harbour,30
LRS0069,Common Farm,30
LRS0061,Coombeshead Solar Farm,30
UKL0191,Crookedstone Road,30
UKL0267,Crossness,30
UKL0243,Crucis Farm,30
LRS0011,Crugmawr (Crugmore),30
UKL0254,Crundale,30
UKL0239,Cwrt Henllys,30
UKL0011,Dunsfold,30
UKL0024,Eastacombe,30
UKL0255,Epwell,30
UKL0246,Exning,30
UKL0247,Fairwinds,30
UKL0257,Fareham,30
UKL0021,Fawley (Langley),30
UKL0023,Ffos Las,30
UKL0271,Fields Farm,30
UKL0293,Finvoy,30
UKL0163,Francis Court,30
UKL0207,Gelli Gron,30
UKL0295,Gibson Farm-Brett Martin,30
LRS0009,Golden Hills,30
LRS0021,Goonhilly,30
UKL0014,Gray (Manor) Farm,30
UKL0020,Great Knowles,30
UKL0286,Green Lane,30
UKL0166,Hadley Farm,30
LRS0050,Hale,30
UKL0004,Hardie (Moor 1) Farm,30
LRS0049,Hartwell,30
UKL0155,Henbury Quarry,30
UKL0287,High Point,30
UKL0026,Higher Pirzwell,20
UKL0256,Hill Farm,30
UKL0205,Hill Hall Farm,30
UKL0258,Hill House Farm,30
UKL0248,Horam,30
UKL0182,Hornacott,30
UKL0008,Howbery,30
UKL0006,Howton Farm,30
UKL0298,Ibstock,30
UKL0044,Kia-ora Farm,20
UKL0281,Knockcairn Road,30
UKL0249,Knowlton,30
UKL0167,Langton Farm,30
UKL0261,Langunnett,30
UKL0013,Laurenson (Trevemper) Farm,30
UKL0185,Lawrence End Park,30
UKL0260,Little Neath,30
UKL0279,Lough Road,30
UKL0282,Lough Road 2 (Hillside),30
UKL0057,Luson,20
UKL0168,Maes Bach,30
UKL0294,Maghaberry,30
UKL0146,Manor Farm Eggington,30
UKL0250,Manston,30
UKL0010,Marston,30
UKL0005,McCartie (Moor 2) Farm,30
UKL0001,McGuigan (Wilburton) Farm,30
UKL0273,Meadow Farm (Thorpe Langton),30
LRS0022,Mendennick,30
UKL0241,Middle Balbeggie,30
UKL0278,Millar Farm,30
UKL0280,Moira Road,30
UKL0162,Molland Farm,20
UKL0240,Morfa Farm,30
UKL0169,Nefyn,30
UKL0269,Norrington,30
UKL0288,North Tenement,30
LRS0001,Park Farm,30
UKL0274,Park Farm West,30
UKL0270,Parsonage Wood,30
UKL0272,Pen Rhiw,30
LRS0062,Pencoose,30
UKL0297,Pilkington,30
UKL0019,Pont Andrew,30
UKL0292,Pressock,30
UKL0259,Prestop Park,30
UKL0127,Primrose Hill,30
UKL0012,Promens,30
UKL0189,QE2 Floater,30
UKL0171,Redhill Farm,30
UKL0009,Robb (Hawton) Farm,30
UKL0086,Rudge Hill Farm,30
UKL0206,Safeguard Bradwall,30
UKL0003,Sandhill,30
LRS0002,Sawmills,30
UKL0265,Says Court,30
UKL0172,School Aycliffe,30
UKL0142,Shaftesbury,30
UKL0275,Sharland Farm,30
UKL0178,Sheriffhales,30
UKL0204,Sheriffhales CIC,30
LRS0010,Shoals Hook,30
UKL0184,South Creake,30
UKL0126,St Francis,30
UKL0036,Stables Farm,20
UKL0198,Staining Wood,20
UKL0201,Stragglethorpe Road,30
UKL0027,Summerlands,30
UKL0264,Sundorne,30
UKL0072,Trefinnick,30
UKL0120,Treguff,30
UKL0170,Upper Clayhill,30
LRS0060,Verwood Solar Farm ,30
UKL0268,Walton,30
UKL0022,West Bradley,30
UKL0263,West Farm,30
UKL0251,Westwood,30
UKL0002,Wheal Jane,30
UKL0284,Wick Red Farm,30
LRS0070,Wilsom,30
UKL0262,Wrockwardine,30
LRS0005,Yardwall ,30
UKL0018,Yeowood,20
USL0002,Bluewater,30
SPL0002,Calamocha II,30
USL0009,Elk Hill 2,30
SPL0003,Escucha II,30
USL0001,Grants,30
SPL0005,Hijar I,30
USL0008,Impact,30
USL0004,Johnson Corner Solar I,30
SPL0004,Penaflor II,30
SPL0001,Tambores I,30
AUS0001,Wellington,30
USL0003,Whitetail Solar 1,30
USL0005,Whitetail Solar 2,30
USL0006,Whitetail Solar 3,30
USL0007,Wildflower,30
