﻿SITE_ID,PARAM_NAME,CONTROL_PARAMETER_VALUE,STATUS,ACTIVE_FROM,ACTIVE_TO
7ef63b7b-27b4-4c41-ac79-a645ba533120,Irradiance,"f9e49784-fc02-11eb-a22c-42010afa015a, f9ee97e8-fc02-11eb-a22c-42010afa015a, f9f8b264-fc02-11eb-a22c-42010afa015a",DEFAULT,,
7ef63b7b-27b4-4c41-ac79-a645ba533120,Consecutive Values to Reject,2,DEFAULT,,
7ef63b7b-27b4-4c41-ac79-a645ba533120,Maximum Gap to Interpolate,3,DEFAULT,,
7ef63b7b-27b4-4c41-ac79-a645ba533120,Sunrise Buffer,30,DEFAULT,,
7ef63b7b-27b4-4c41-ac79-a645ba533120,Sunset Buffer,60,DEFAULT,,
7ef63b7b-27b4-4c41-ac79-a645ba533120,Irradiance Maximum,2000,DEFAULT,,
7ef63b7b-27b4-4c41-ac79-a645ba533120,Irradiance Minimum,0,DEFAULT,,
7ef63b7b-27b4-4c41-ac79-a645ba533120,Satellite,GTI 1,DEFAULT,,
7ef63b7b-27b4-4c41-ac79-a645ba533120,Satellite Minimum,30,DEFAULT,,
7ef63b7b-27b4-4c41-ac79-a645ba533120,Tracker Pyro Mapping File,TBC,DEFAULT,,
7ef63b7b-27b4-4c41-ac79-a645ba533120,Production Data Meters,4696bfa2-fc04-11eb-a22c-42010afa015a,DEFAULT,,
7ef63b7b-27b4-4c41-ac79-a645ba533120,Maximum Tracker Deviation,10,DEFAULT,,
