Site Master Site ID,Site Reference,Site Master Site Name,Data Series Type,Filename Lookup,Site ID Insolar,Site ID Meteocontrol,Device ID Insolar,Device ID Meteocontrol,Device group multiplier,Device group
827,UKL0174,Acrefair,Irradiance,,d3c18cba-7666-11e5-991b-00163e319984,,22be8d6c-bac9-11e5-99f4-06876c02c9d4,,,
827,UKL0174,Acrefair,Irradiance,,d3c18cba-7666-11e5-991b-00163e319984,,22bf330c-bac9-11e5-99f4-06876c02c9d4,,,
346,UKL0016,Barton,Irradiance,,4babe062-839b-11e6-bcf6-42010afa015a,,e157a58e-95e7-11e6-b4da-42010afa015a,,,
932,UKL0266,Beckton,Irradiance,,720b84f0-170c-11e8-9fd0-42010afa015a,,7d85e23a-5843-11e8-bdc6-42010afa015a,,,
932,UKL0266,Beckton,Irradiance,,720b84f0-170c-11e8-9fd0-42010afa015a,,7d860fee-5843-11e8-bdc6-42010afa015a,,,
966,UKL0285,Belfast Road,Irradiance,,61a6bfc2-e958-11e6-934a-42010afa015a,,0a20d060-1ec5-11e7-bdd7-42010afa015a,,,
966,UKL0285,Belfast Road,Irradiance,,61a6bfc2-e958-11e6-934a-42010afa015a,,0a2124ac-1ec5-11e7-bdd7-42010afa015a,,,
966,UKL0285,Belfast Road,Irradiance,,61a6bfc2-e958-11e6-934a-42010afa015a,,0a21757e-1ec5-11e7-bdd7-42010afa015a,,,
966,UKL0285,Belfast Road,Irradiance,,61a6bfc2-e958-11e6-934a-42010afa015a,,0a21cdd0-1ec5-11e7-bdd7-42010afa015a,,,
6,UKL0007,Benbole,Irradiance,,607e6d46-170c-11e4-a960-00163e944340,,392230c6-b614-11e6-808f-42010afa015a,,,
816,UKL0164,Bentley Estate,Irradiance,,3bad398e-2321-11e6-8ac4-42010afa015a,,30c0a424-dd85-11e6-b609-42010afa015a,,,
816,UKL0164,Bentley Estate,Irradiance,,3bad398e-2321-11e6-8ac4-42010afa015a,,30c109e6-dd85-11e6-b609-42010afa015a,,,
883,UKL0208,Bentley Estate 2,Irradiance,,845052ea-5d53-11e6-966f-42010afa015a,,06cb4882-9135-11e6-9fb0-42010afa015a,,,
883,UKL0208,Bentley Estate 2,Irradiance,,845052ea-5d53-11e6-966f-42010afa015a,,06cbea80-9135-11e6-9fb0-42010afa015a,,,
877,UKL0202,Binsted,Irradiance,,c0117e84-cf1f-11e5-93e0-42010afa015a,,0d063da0-0860-11e6-98de-42010afa015a,,,
877,UKL0202,Binsted,Irradiance,,c0117e84-cf1f-11e5-93e0-42010afa015a,,0d06d116-0860-11e6-98de-42010afa015a,,,
431,UKL0073,Blatchworthy,Irradiance,,09ceeec8-cc1c-11e5-bdb4-42010afa015a,,97f9cf22-e1ce-11e8-a010-42010afa015a,,,
431,UKL0073,Blatchworthy,Irradiance,,09ceeec8-cc1c-11e5-bdb4-42010afa015a,,97fac530-e1ce-11e8-a010-42010afa015a,,,
942,UKL0276,Bodmin (Bodiniel),Irradiance,,fcb9f2c6-1d56-11e8-88a8-002324288d55,,81c6f688-4e0f-11e8-979b-42010afa015a,,,
950,UKL0283,Bolsovermoor Quarry,Irradiance,,d660c71e-bc75-11e6-82fb-42010afa015a,,c8c36798-fe91-11e6-93e0-42010afa015a,,,
950,UKL0283,Bolsovermoor Quarry,Irradiance,,d660c71e-bc75-11e6-82fb-42010afa015a,,c8c3be78-fe91-11e6-93e0-42010afa015a,,,
347,UKL0017,Broadgate,Irradiance,,00491038-8475-11e6-82f1-42010afa015a,,2a77520c-96ae-11e6-a6c6-42010afa015a,,,
911,UKL0244,Brook Farm,Irradiance,,22582306-2dcd-11e7-9820-42010afa015a,,b37d0b54-3588-11e7-8ae8-42010afa015a,,,
911,UKL0244,Brook Farm,Irradiance,,22582306-2dcd-11e7-9820-42010afa015a,,b3730514-3588-11e7-8ae8-42010afa015a,,,
911,UKL0244,Brook Farm,Irradiance,,22582306-2dcd-11e7-9820-42010afa015a,,b3736a7c-3588-11e7-8ae8-42010afa015a,,,
911,UKL0244,Brook Farm,Irradiance,,22582306-2dcd-11e7-9820-42010afa015a,,b373c648-3588-11e7-8ae8-42010afa015a,,,
10000233,LRS0071,Bryn Bachau,Irradiance,,,,ba8d8cc6-0c75-11e6-9766-42010afa015a,,,
10000233,LRS0071,Bryn Bachau,Irradiance,,,,ba8dfada-0c75-11e6-9766-42010afa015a,,,
10000233,LRS0071,Bryn Bachau,Irradiance,,,,ba8e8946-0c75-11e6-9766-42010afa015a,,,
10000233,LRS0071,Bryn Bachau,Irradiance,,,,ba8f0be6-0c75-11e6-9766-42010afa015a,,,
919,UKL0252,Brynteg,Irradiance,,0657bb06-302c-11e7-a8bd-42010afa015a,,15e184c0-3ef1-11e7-8772-42010afa015a,,,
919,UKL0252,Brynteg,Irradiance,,0657bb06-302c-11e7-a8bd-42010afa015a,,15e1de16-3ef1-11e7-8772-42010afa015a,,,
919,UKL0252,Brynteg,Irradiance,,0657bb06-302c-11e7-a8bd-42010afa015a,,15e0b680-3ef1-11e7-8772-42010afa015a,,,
919,UKL0252,Brynteg,Irradiance,,0657bb06-302c-11e7-a8bd-42010afa015a,,15ee086c-3ef1-11e7-8772-42010afa015a,,,
817,UKL0165,Buckland (Church) Farm,Irradiance,,da36aece-1295-11e6-9b13-42010afa015a,,fb3588ee-0807-11e7-aa5d-42010afa015a,,,
817,UKL0165,Buckland (Church) Farm,Irradiance,,da36aece-1295-11e6-9b13-42010afa015a,,fb35f0fe-0807-11e7-aa5d-42010afa015a,,,
555,UKL0125,Burnthouse,Irradiance,,e12a230e-4fb0-11e4-9a95-00163e944340,,aeb0479a-97f5-11e4-ab04-06876c02c9d4,,,
555,UKL0125,Burnthouse,Irradiance,,e12a230e-4fb0-11e4-9a95-00163e944340,,aeb0adb6-97f5-11e4-ab04-06876c02c9d4,,,
920,UKL0253,Burthy,Irradiance,,c706e844-39a1-11e7-8947-42010afa015a,,5e8e6b72-4aa7-11e7-b629-42010afa015a,,,
920,UKL0253,Burthy,Irradiance,,c706e844-39a1-11e7-8947-42010afa015a,,5e8edb5c-4aa7-11e7-b629-42010afa015a,,,
920,UKL0253,Burthy,Irradiance,,c706e844-39a1-11e7-8947-42010afa015a,,5e8f3f2a-4aa7-11e7-b629-42010afa015a,,,
920,UKL0253,Burthy,Irradiance,,c706e844-39a1-11e7-8947-42010afa015a,,5e98f074-4aa7-11e7-b629-42010afa015a,,,
1949,UKL0299,Burwell/Goosehall,Irradiance,,,,56d6f21a-edd2-11ea-9d2f-42010afa015a,,,
1949,UKL0299,Burwell/Goosehall,Irradiance,,,,56d774d8-edd2-11ea-9d2f-42010afa015a,,,
1949,UKL0299,Burwell/Goosehall,Irradiance,,,,56e0f3a0-edd2-11ea-9d2f-42010afa015a,,,
1949,UKL0299,Burwell/Goosehall,Irradiance,,,,56ed58d4-edd2-11ea-9d2f-42010afa015a,,,
1949,UKL0299,Burwell/Goosehall,Irradiance,,,,56f5ca64-edd2-11ea-9d2f-42010afa015a,,,
1949,UKL0299,Burwell/Goosehall,Irradiance,,,,56fd9e1a-edd2-11ea-9d2f-42010afa015a,,,
912,UKL0245,Bury Lane,Irradiance,,9c631616-302e-11e7-bb8d-42010afa015a,,eab82c0c-4a9b-11e7-8b50-42010afa015a,,,
912,UKL0245,Bury Lane,Irradiance,,9c631616-302e-11e7-bb8d-42010afa015a,,eab89502-4a9b-11e7-8b50-42010afa015a,,,
912,UKL0245,Bury Lane,Irradiance,,9c631616-302e-11e7-bb8d-42010afa015a,,eab8f222-4a9b-11e7-8b50-42010afa015a,,,
912,UKL0245,Bury Lane,Irradiance,,9c631616-302e-11e7-bb8d-42010afa015a,,eac3ad34-4a9b-11e7-8b50-42010afa015a,,,
908,UKL0242,Castle Combe,Irradiance,,a7d53f98-2f88-11e7-badf-42010afa015a,,ac7cb0a8-3a32-11e7-b769-42010afa015a,,,
908,UKL0242,Castle Combe,Irradiance,,a7d53f98-2f88-11e7-badf-42010afa015a,,ac7d1b60-3a32-11e7-b769-42010afa015a,,,
908,UKL0242,Castle Combe,Irradiance,,a7d53f98-2f88-11e7-badf-42010afa015a,,ac88b3a8-3a32-11e7-b769-42010afa015a,,,
908,UKL0242,Castle Combe,Irradiance,,a7d53f98-2f88-11e7-badf-42010afa015a,,ac869d84-3a32-11e7-b769-42010afa015a,,,
878,UKL0203,Charity Farm,Irradiance,,61f086a6-1e84-11e6-ba2d-42010afa015a,,ab40dee2-386e-11e6-86ac-42010afa015a,,,
878,UKL0203,Charity Farm,Irradiance,,61f086a6-1e84-11e6-ba2d-42010afa015a,,ab3d68a2-386e-11e6-86ac-42010afa015a,,,
878,UKL0203,Charity Farm,Irradiance,,61f086a6-1e84-11e6-ba2d-42010afa015a,,ab3764de-386e-11e6-86ac-42010afa015a,,,
878,UKL0203,Charity Farm,Irradiance,,61f086a6-1e84-11e6-ba2d-42010afa015a,,ab35a8a6-386e-11e6-86ac-42010afa015a,,,
878,UKL0203,Charity Farm,Irradiance,,61f086a6-1e84-11e6-ba2d-42010afa015a,,ab3a0fe0-386e-11e6-86ac-42010afa015a,,,
345,UKL0015,Chittering,Irradiance,,944d507e-5e18-11e6-8ecd-42010afa015a,,13815532-7e50-11e6-a52b-42010afa015a,,,
345,UKL0015,Chittering,Irradiance,,944d507e-5e18-11e6-8ecd-42010afa015a,,1381bd10-7e50-11e6-a52b-42010afa015a,,,
435,UKL0077,Cleave Farm,Irradiance,,a6ef1074-eab8-11e5-bbaf-42010afa015a,,749b6536-18bf-11e9-8ae1-42010afa015a,,,
435,UKL0077,Cleave Farm,Irradiance,,a6ef1074-eab8-11e5-bbaf-42010afa015a,,749c9802-18bf-11e9-8ae1-42010afa015a,,,
826,UKL0173,Cold Harbour,Irradiance,,4240a418-88c9-11e5-b5bd-00163e319984,,7c1d03b4-bdcd-11e5-9c3b-06876c02c9d4,,,
826,UKL0173,Cold Harbour,Irradiance,,4240a418-88c9-11e5-b5bd-00163e319984,,7c234f62-bdcd-11e5-9c3b-06876c02c9d4,,,
1025,LRS0061,Coombeshead Solar Farm,Irradiance,,b53a170c-0177-11e6-97d3-00163eb15f52,,1a3b69ba-1431-11e5-ba03-06876c02c9d4,,,
1025,LRS0061,Coombeshead Solar Farm,Irradiance,,b53a170c-0177-11e6-97d3-00163eb15f52,,1a3bcd1a-1431-11e5-ba03-06876c02c9d4,,,
1025,LRS0061,Coombeshead Solar Farm,Irradiance,,b53a170c-0177-11e6-97d3-00163eb15f52,,1a3c078a-1431-11e5-ba03-06876c02c9d4,,,
1025,LRS0061,Coombeshead Solar Farm,Irradiance,,b53a170c-0177-11e6-97d3-00163eb15f52,,1a3c5dde-1431-11e5-ba03-06876c02c9d4,,,
1025,LRS0061,Coombeshead Solar Farm,Irradiance,coombeshead_m1.irradiance1,,,,,,
862,UKL0191,Crookedstone Road,Irradiance,,2ff181a0-ce3e-11e5-a316-42010afa015a,,f1c6962e-f037-11e5-9640-42010afa015a,,,
862,UKL0191,Crookedstone Road,Irradiance,,2ff181a0-ce3e-11e5-a316-42010afa015a,,f1c77a08-f037-11e5-9640-42010afa015a,,,
933,UKL0267,Crossness,Irradiance,,5bb8e674-18ac-11e8-b5d4-42010afa015a,,13923a1e-5847-11e8-a4df-42010afa015a,,,
933,UKL0267,Crossness,Irradiance,,5bb8e674-18ac-11e8-b5d4-42010afa015a,,13925d78-5847-11e8-a4df-42010afa015a,,,
909,UKL0243,Crucis Farm,Irradiance,,06080238-2dce-11e7-90d9-42010afa015a,,214d252e-3a2f-11e7-baba-42010afa015a,,,
909,UKL0243,Crucis Farm,Irradiance,,06080238-2dce-11e7-90d9-42010afa015a,,215008b6-3a2f-11e7-baba-42010afa015a,,,
909,UKL0243,Crucis Farm,Irradiance,,06080238-2dce-11e7-90d9-42010afa015a,,21291ad0-3a2f-11e7-baba-42010afa015a,,,
909,UKL0243,Crucis Farm,Irradiance,,06080238-2dce-11e7-90d9-42010afa015a,,21297e80-3a2f-11e7-baba-42010afa015a,,,
987,LRS0011,Crugmawr (Crugmore),Irradiance,Crugmore_m1.irradiance1,,,,,,
987,LRS0011,Crugmawr (Crugmore),Irradiance,Crugmore_m1.irradiance2,,,,,,
921,UKL0254,Crundale,Irradiance,,90bd91f8-302c-11e7-9509-42010afa015a,,86ac7636-3fbb-11e7-93d9-42010afa015a,,,
921,UKL0254,Crundale,Irradiance,,90bd91f8-302c-11e7-9509-42010afa015a,,86b36d42-3fbb-11e7-93d9-42010afa015a,,,
921,UKL0254,Crundale,Irradiance,,90bd91f8-302c-11e7-9509-42010afa015a,,86b67352-3fbb-11e7-93d9-42010afa015a,,,
921,UKL0254,Crundale,Irradiance,,90bd91f8-302c-11e7-9509-42010afa015a,,86b00698-3fbb-11e7-93d9-42010afa015a,,,
921,UKL0254,Crundale,Irradiance,,90bd91f8-302c-11e7-9509-42010afa015a,,869e76bc-3fbb-11e7-93d9-42010afa015a,,,
921,UKL0254,Crundale,Irradiance,,90bd91f8-302c-11e7-9509-42010afa015a,,869edc74-3fbb-11e7-93d9-42010afa015a,,,
921,UKL0254,Crundale,Irradiance,,90bd91f8-302c-11e7-9509-42010afa015a,,869f2e9a-3fbb-11e7-93d9-42010afa015a,,,
921,UKL0254,Crundale,Irradiance,,90bd91f8-302c-11e7-9509-42010afa015a,,869f7f80-3fbb-11e7-93d9-42010afa015a,,,
904,UKL0239,Cwrt Henllys,Irradiance,,9ee0d2b4-945e-11e6-9853-42010afa015a,,a312e062-dbf2-11e6-b220-42010afa015a,,,
904,UKL0239,Cwrt Henllys,Irradiance,,9ee0d2b4-945e-11e6-9853-42010afa015a,,a3133f12-dbf2-11e6-b220-42010afa015a,,,
10,UKL0011,Dunsfold,Irradiance,,1331d0ca-4466-11e7-bda4-42010afa015a,,7bc2ade0-55b8-11e7-96bc-42010afa015a,,,
10,UKL0011,Dunsfold,Irradiance,,1331d0ca-4466-11e7-bda4-42010afa015a,,7bc34ffc-55b8-11e7-96bc-42010afa015a,,,
354,UKL0024,Eastacombe,Irradiance,,95284652-a8be-11e6-b4b5-42010afa015a,,83b15848-b6f4-11e6-b6a7-42010afa015a,,,
354,UKL0024,Eastacombe,Irradiance,,95284652-a8be-11e6-b4b5-42010afa015a,,83b1bfea-b6f4-11e6-b6a7-42010afa015a,,,
922,UKL0255,Epwell,Irradiance,,771a5f08-2c0b-11e7-98f7-42010afa015a,,b52f25b6-3585-11e7-8d21-42010afa015a,,,
922,UKL0255,Epwell,Irradiance,,771a5f08-2c0b-11e7-98f7-42010afa015a,,b52f950a-3585-11e7-8d21-42010afa015a,,,
922,UKL0255,Epwell,Irradiance,,771a5f08-2c0b-11e7-98f7-42010afa015a,,b52fcd36-3585-11e7-8d21-42010afa015a,,,
922,UKL0255,Epwell,Irradiance,,771a5f08-2c0b-11e7-98f7-42010afa015a,,b539fea0-3585-11e7-8d21-42010afa015a,,,
913,UKL0246,Exning,Irradiance,,64ca83d8-302e-11e7-ba19-42010afa015a,,fc49770a-41f4-11e7-8964-42010afa015a,,,
913,UKL0246,Exning,Irradiance,,64ca83d8-302e-11e7-ba19-42010afa015a,,fc49d902-41f4-11e7-8964-42010afa015a,,,
913,UKL0246,Exning,Irradiance,,64ca83d8-302e-11e7-ba19-42010afa015a,,fc4a0788-41f4-11e7-8964-42010afa015a,,,
913,UKL0246,Exning,Irradiance,,64ca83d8-302e-11e7-ba19-42010afa015a,,fc54fc88-41f4-11e7-8964-42010afa015a,,,
914,UKL0247,Fairwinds,Irradiance,,d3b6a36c-302e-11e7-b0c9-42010afa015a,,8790ee8a-451d-11e7-9462-42010afa015a,,,
914,UKL0247,Fairwinds,Irradiance,,d3b6a36c-302e-11e7-b0c9-42010afa015a,,879153ca-451d-11e7-9462-42010afa015a,,,
914,UKL0247,Fairwinds,Irradiance,,d3b6a36c-302e-11e7-b0c9-42010afa015a,,879a798c-451d-11e7-9462-42010afa015a,,,
914,UKL0247,Fairwinds,Irradiance,,d3b6a36c-302e-11e7-b0c9-42010afa015a,,879c69b8-451d-11e7-9462-42010afa015a,,,
910,UKL0257,Fareham,Irradiance,,5bb0689a-39a1-11e7-b4c5-42010afa015a,,65b46982-4a9e-11e7-bb92-42010afa015a,,,
910,UKL0257,Fareham,Irradiance,,5bb0689a-39a1-11e7-b4c5-42010afa015a,,65b4da7a-4a9e-11e7-bb92-42010afa015a,,,
910,UKL0257,Fareham,Irradiance,,5bb0689a-39a1-11e7-b4c5-42010afa015a,,65c197e2-4a9e-11e7-bb92-42010afa015a,,,
910,UKL0257,Fareham,Irradiance,,5bb0689a-39a1-11e7-b4c5-42010afa015a,,65c46c24-4a9e-11e7-bb92-42010afa015a,,,
357,UKL0021,Fawley (Langley),Irradiance,,b1d0f1c2-05c5-11e8-adc5-42010afa015a,,d66d511e-43ce-11e8-bc44-42010afa015a,,,
357,UKL0021,Fawley (Langley),Irradiance,,b1d0f1c2-05c5-11e8-adc5-42010afa015a,,d66eb1c6-43ce-11e8-bc44-42010afa015a,,,
353,UKL0023,Ffos Las,Irradiance,,448ee4b6-fd66-11e5-83a4-42010afa015a,,7978f054-cbb8-11e8-b691-42010afa015a,,,
353,UKL0023,Ffos Las,Irradiance,,448ee4b6-fd66-11e5-83a4-42010afa015a,,797a8f18-cbb8-11e8-b691-42010afa015a,,,
937,UKL0271,Fields Farm,Irradiance,,71c8d4a4-d813-11e6-90c0-42010afa015a,,8ac8e09a-f44f-11e6-9bd4-42010afa015a,,,
937,UKL0271,Fields Farm,Irradiance,,71c8d4a4-d813-11e6-90c0-42010afa015a,,8ac97fbe-f44f-11e6-9bd4-42010afa015a,,,
1067,UKL0293,Finvoy,Irradiance,,9a13d2a6-ba30-11e7-885d-42010afa015a,,84a57ffe-eaf6-11e7-b00d-42010afa015a,,,
1067,UKL0293,Finvoy,Irradiance,,9a13d2a6-ba30-11e7-885d-42010afa015a,,86a465d6-eaf6-11e7-b00d-42010afa015a,,,
815,UKL0163,Francis Court,Irradiance,,,,bd41b156-cb29-11e9-afd7-42010afa015a,,,
815,UKL0163,Francis Court,Irradiance,,,,bd435a24-cb29-11e9-afd7-42010afa015a,,,
882,UKL0207,Gelli Gron,Irradiance,,481e8136-a0e0-11e6-b00c-42010afa015a,,18f85144-bc6e-11e6-a307-42010afa015a,,,
882,UKL0207,Gelli Gron,Irradiance,,481e8136-a0e0-11e6-b00c-42010afa015a,,d7338b22-13be-11e7-a43f-525400b2701a,,,
1074,UKL0295,Gibson Farm-Brett Martin,Irradiance,,ef3baa8e-f46d-11e7-ac74-42010afa015a,,6f4181ae-3ca8-11e8-80f0-42010afa015a,,,
1074,UKL0295,Gibson Farm-Brett Martin,Irradiance,,ef3baa8e-f46d-11e7-ac74-42010afa015a,,72ea255e-3ca8-11e8-80f0-42010afa015a,,,
1074,UKL0295,Gibson Farm-Brett Martin,Irradiance,,ef3baa8e-f46d-11e7-ac74-42010afa015a,,c01ff56e-b81e-11e8-8a6e-525400b2701a,,,
985,LRS0009,Golden Hills,Irradiance,Golden_m1.irradiance1,,,,,,
985,LRS0009,Golden Hills,Irradiance,Golden_m1.irradiance2,,,,,,
1018,LRS0021,Goonhilly,Irradiance,,,N77V7,,G_M2,,
1018,LRS0021,Goonhilly,Irradiance,,,N77V7,,G_M4,,
13,UKL0014,Gray (Manor) Farm,Irradiance,,1775e83a-0d9e-11e4-a84c-00163e944340,,9b80e706-980e-11e4-9e8e-06876c02c9d4,,,
13,UKL0014,Gray (Manor) Farm,Irradiance,,1775e83a-0d9e-11e4-a84c-00163e944340,,9b811b0e-980e-11e4-9e8e-06876c02c9d4,,,
351,UKL0020,Great Knowles,Irradiance,,469642b4-a8f0-11e6-9de9-42010afa015a,,e531b2c6-b572-11e6-a968-42010afa015a,,,
351,UKL0020,Great Knowles,Irradiance,,469642b4-a8f0-11e6-9de9-42010afa015a,,ee5b9780-33ea-11e7-a9a8-525400b2701a,,,
1024,UKL0286,Green Lane,Irradiance,,61ef95fa-0242-11e7-8194-42010afa015a,,23b38632-3962-11e7-af9c-42010afa015a,,,
1024,UKL0286,Green Lane,Irradiance,,61ef95fa-0242-11e7-8194-42010afa015a,,23b3e582-3962-11e7-af9c-42010afa015a,,,
818,UKL0166,Hadley Farm,Irradiance,,0aab5922-7667-11e5-ae24-00163e319984,,4df331fc-ad60-11e5-8e1c-06876c02c9d4,,,
818,UKL0166,Hadley Farm,Irradiance,,0aab5922-7667-11e5-ae24-00163e319984,,4df3bbd6-ad60-11e5-8e1c-06876c02c9d4,,,
3,UKL0004,Hardie (Moor 1) Farm,Irradiance,,4d46e80a-28d4-11e4-aaab-00163e944340,,9671a8f2-34ec-11e4-b094-06876c02c9d4,,,
559,UKL0155,Henbury Quarry,Irradiance,,7bf25bd8-7584-11e4-ba02-00163e944340,,4a0bd55a-d6db-11e4-be4d-06876c02c9d4,,,
559,UKL0155,Henbury Quarry,Irradiance,,7bf25bd8-7584-11e4-ba02-00163e944340,,4a0c7a0a-d6db-11e4-be4d-06876c02c9d4,,,
1031,UKL0287,High Point,Irradiance,,6a40492c-0259-11e7-859d-42010afa015a,,2887d774-33fb-11e7-9a41-42010afa015a,,,
1031,UKL0287,High Point,Irradiance,,6a40492c-0259-11e7-859d-42010afa015a,,2888438a-33fb-11e7-9a41-42010afa015a,,,
356,UKL0026,Higher Pirzwell,Irradiance,,e0318434-8531-11e6-aa7b-42010afa015a,,5d067c8e-96ae-11e6-984c-42010afa015a,,,
356,UKL0026,Higher Pirzwell,Irradiance,,e0318434-8531-11e6-aa7b-42010afa015a,,5d06bee2-96ae-11e6-984c-42010afa015a,,,
923,UKL0256,Hill Farm,Irradiance,,88924fd4-316f-11e7-9f0a-42010afa015a,,128cf394-3a3d-11e7-8ed8-42010afa015a,,,
923,UKL0256,Hill Farm,Irradiance,,88924fd4-316f-11e7-9f0a-42010afa015a,,128d4b28-3a3d-11e7-8ed8-42010afa015a,,,
923,UKL0256,Hill Farm,Irradiance,,88924fd4-316f-11e7-9f0a-42010afa015a,,128d7c2e-3a3d-11e7-8ed8-42010afa015a,,,
923,UKL0256,Hill Farm,Irradiance,,88924fd4-316f-11e7-9f0a-42010afa015a,,128da906-3a3d-11e7-8ed8-42010afa015a,,,
880,UKL0205,Hill Hall Farm,Irradiance,,49ab6f04-8f9d-11e6-8729-42010afa015a,,af060262-c2cc-11e6-9da6-42010afa015a,,,
880,UKL0205,Hill Hall Farm,Irradiance,,49ab6f04-8f9d-11e6-8729-42010afa015a,,af067efe-c2cc-11e6-9da6-42010afa015a,,,
924,UKL0258,Hill House Farm,Irradiance,,8131e1c0-2f88-11e7-8429-42010afa015a,,aa5e4a72-3ef4-11e7-b7ec-42010afa015a,,,
924,UKL0258,Hill House Farm,Irradiance,,8131e1c0-2f88-11e7-8429-42010afa015a,,aa6d0260-3ef4-11e7-b7ec-42010afa015a,,,
924,UKL0258,Hill House Farm,Irradiance,,8131e1c0-2f88-11e7-8429-42010afa015a,,aa5f0868-3ef4-11e7-b7ec-42010afa015a,,,
924,UKL0258,Hill House Farm,Irradiance,,8131e1c0-2f88-11e7-8429-42010afa015a,,aa5f54b2-3ef4-11e7-b7ec-42010afa015a,,,
915,UKL0248,Horam,Irradiance,,3133cec2-39a1-11e7-a34f-42010afa015a,,e17f01fe-4aa2-11e7-9a38-42010afa015a,,,
915,UKL0248,Horam,Irradiance,,3133cec2-39a1-11e7-a34f-42010afa015a,,e17f66e4-4aa2-11e7-9a38-42010afa015a,,,
915,UKL0248,Horam,Irradiance,,3133cec2-39a1-11e7-a34f-42010afa015a,,e1898598-4aa2-11e7-9a38-42010afa015a,,,
915,UKL0248,Horam,Irradiance,,3133cec2-39a1-11e7-a34f-42010afa015a,,e18c7f28-4aa2-11e7-9a38-42010afa015a,,,
837,UKL0182,Hornacott,Irradiance,,650a786e-7b29-11e5-847d-00163e319984,,f26d7142-ad66-11e5-a26e-06876c02c9d4,,,
837,UKL0182,Hornacott,Irradiance,,650a786e-7b29-11e5-847d-00163e319984,,f26e0800-ad66-11e5-a26e-06876c02c9d4,,,
7,UKL0008,Howbery,Irradiance,,d68cb868-f0b0-11e7-89a5-42010afa015a,,bca604cc-01d6-11e8-b7ee-42010afa015a,,,
5,UKL0006,Howton Farm,Irradiance,,f76bb7e2-4cc9-11e5-932b-00163e319984,,9f64dc36-2943-11e9-aab3-42010afa015a,,,
5,UKL0006,Howton Farm,Irradiance,,f76bb7e2-4cc9-11e5-932b-00163e319984,,9f68ac76-2943-11e9-aab3-42010afa015a,,,
1942,UKL0298,Ibstock,Irradiance,,,,2bc2edec-4cc7-11ea-b221-42010afa015a,,,
1942,UKL0298,Ibstock,Irradiance,,,,2bc5b3c4-4cc7-11ea-b221-42010afa015a,,,
400,UKL0044,Kia-ora Farm,Irradiance,,09c4546a-cb2f-11e5-9d5c-42010afa015a,,3abbf724-722c-11e9-b40c-42010afa015a,,,
400,UKL0044,Kia-ora Farm,Irradiance,,09c4546a-cb2f-11e5-9d5c-42010afa015a,,3abd696a-722c-11e9-b40c-42010afa015a,,,
947,UKL0281,Knockcairn Road,Irradiance,,61a6bfc2-e958-11e6-934a-42010afa015a,,0a1f86ec-1ec5-11e7-bdd7-42010afa015a,,,
947,UKL0281,Knockcairn Road,Irradiance,,61a6bfc2-e958-11e6-934a-42010afa015a,,0a1fd8e0-1ec5-11e7-bdd7-42010afa015a,,,
947,UKL0281,Knockcairn Road,Irradiance,,61a6bfc2-e958-11e6-934a-42010afa015a,,0a203150-1ec5-11e7-bdd7-42010afa015a,,,
916,UKL0249,Knowlton,Irradiance,,6b5ae7dc-302f-11e7-aa34-42010afa015a,,6bc49a18-4477-11e7-9248-42010afa015a,,,
916,UKL0249,Knowlton,Irradiance,,6b5ae7dc-302f-11e7-aa34-42010afa015a,,6bc4f81e-4477-11e7-9248-42010afa015a,,,
916,UKL0249,Knowlton,Irradiance,,6b5ae7dc-302f-11e7-aa34-42010afa015a,,6bcfde00-4477-11e7-9248-42010afa015a,,,
916,UKL0249,Knowlton,Irradiance,,6b5ae7dc-302f-11e7-aa34-42010afa015a,,6bd1d214-4477-11e7-9248-42010afa015a,,,
819,UKL0167,Langton Farm,Irradiance,,6fea06bc-1dba-11e6-99c2-42010afa015a,,b2e6437a-0fb0-11e7-b433-42010afa015a,,,
819,UKL0167,Langton Farm,Irradiance,,6fea06bc-1dba-11e6-99c2-42010afa015a,,b2e6cb24-0fb0-11e7-b433-42010afa015a,,,
925,UKL0261,Langunnett,Irradiance,,95b88004-39a1-11e7-a997-42010afa015a,,5912203c-4aa5-11e7-99a9-42010afa015a,,,
925,UKL0261,Langunnett,Irradiance,,95b88004-39a1-11e7-a997-42010afa015a,,5912843c-4aa5-11e7-99a9-42010afa015a,,,
925,UKL0261,Langunnett,Irradiance,,95b88004-39a1-11e7-a997-42010afa015a,,591de804-4aa5-11e7-99a9-42010afa015a,,,
925,UKL0261,Langunnett,Irradiance,,95b88004-39a1-11e7-a997-42010afa015a,,59204568-4aa5-11e7-99a9-42010afa015a,,,
602,UKL0013,Laurenson (Trevemper) Farm,Irradiance,,37435034-a9bf-11e6-b8a8-42010afa015a,,5c3567f6-c120-11e6-a539-42010afa015a,,,
602,UKL0013,Laurenson (Trevemper) Farm,Irradiance,,37435034-a9bf-11e6-b8a8-42010afa015a,,5c35d65a-c120-11e6-a539-42010afa015a,,,
602,UKL0013,Laurenson (Trevemper) Farm,Irradiance,,37435034-a9bf-11e6-b8a8-42010afa015a,,5c364072-c120-11e6-a539-42010afa015a,,,
840,UKL0185,Lawrence End Park,Irradiance,,456d50e2-7667-11e5-b23d-00163e319984,,f667e81a-b859-11e5-a1c3-06876c02c9d4,,,
840,UKL0185,Lawrence End Park,Irradiance,,456d50e2-7667-11e5-b23d-00163e319984,,f668564c-b859-11e5-a1c3-06876c02c9d4,,,
926,UKL0260,Little Neath,Irradiance,,c385ce20-302c-11e7-bfca-42010afa015a,,4041a674-3eeb-11e7-8415-42010afa015a,,,
926,UKL0260,Little Neath,Irradiance,,c385ce20-302c-11e7-bfca-42010afa015a,,74651b1e-0cbf-11e8-85cd-525400b2701a,,,
926,UKL0260,Little Neath,Irradiance,,c385ce20-302c-11e7-bfca-42010afa015a,,40407e0c-3eeb-11e7-8415-42010afa015a,,,
926,UKL0260,Little Neath,Irradiance,,c385ce20-302c-11e7-bfca-42010afa015a,,404148c8-3eeb-11e7-8415-42010afa015a,,,
945,UKL0279,Lough Road,Irradiance,,61a6bfc2-e958-11e6-934a-42010afa015a,,0a1b61de-1ec5-11e7-bdd7-42010afa015a,,,
945,UKL0279,Lough Road,Irradiance,,61a6bfc2-e958-11e6-934a-42010afa015a,,0a1bcd2c-1ec5-11e7-bdd7-42010afa015a,,,
945,UKL0279,Lough Road,Irradiance,,61a6bfc2-e958-11e6-934a-42010afa015a,,0a1c2c86-1ec5-11e7-bdd7-42010afa015a,,,
949,UKL0282,Lough Road 2 (Hillside),Irradiance,,61a6bfc2-e958-11e6-934a-42010afa015a,,0a1e3a62-1ec5-11e7-bdd7-42010afa015a,,,
949,UKL0282,Lough Road 2 (Hillside),Irradiance,,61a6bfc2-e958-11e6-934a-42010afa015a,,0a1e9c82-1ec5-11e7-bdd7-42010afa015a,,,
949,UKL0282,Lough Road 2 (Hillside),Irradiance,,61a6bfc2-e958-11e6-934a-42010afa015a,,0a1eec50-1ec5-11e7-bdd7-42010afa015a,,,
414,UKL0057,Luson,Irradiance,,9786871a-d55b-11e5-a4b3-42010afa015a,,614004be-b8fc-11e9-b636-42010afa015a,,,
414,UKL0057,Luson,Irradiance,,9786871a-d55b-11e5-a4b3-42010afa015a,,61418b18-b8fc-11e9-b636-42010afa015a,,,
820,UKL0168,Maes Bach,Irradiance,,62cd4d40-1b4e-11e6-9b7c-42010afa015a,,3fb48c6c-e2f2-11e6-8fd0-42010afa015a,,,
820,UKL0168,Maes Bach,Irradiance,,62cd4d40-1b4e-11e6-9b7c-42010afa015a,,3fb4ec5c-e2f2-11e6-8fd0-42010afa015a,,,
1065,UKL0294,Maghaberry,Irradiance,,09d24998-aff9-11e7-8eb0-42010afa015a,,eb0827da-1d53-11e8-ad48-42010afa015a,,,
1065,UKL0294,Maghaberry,Irradiance,,09d24998-aff9-11e7-8eb0-42010afa015a,,f1fd7c3e-1d53-11e8-ad48-42010afa015a,,,
1065,UKL0294,Maghaberry,Irradiance,,09d24998-aff9-11e7-8eb0-42010afa015a,,f92cff3e-1d53-11e8-ad48-42010afa015a,,,
1065,UKL0294,Maghaberry,Irradiance,,09d24998-aff9-11e7-8eb0-42010afa015a,,00361c70-1d54-11e8-ad48-42010afa015a,,,
1065,UKL0294,Maghaberry,Irradiance,,09d24998-aff9-11e7-8eb0-42010afa015a,,0752898a-1d54-11e8-ad48-42010afa015a,,,
1065,UKL0294,Maghaberry,Irradiance,,09d24998-aff9-11e7-8eb0-42010afa015a,,3a72c4fc-1e20-11e8-8f3f-525400b2701a,,,
1065,UKL0294,Maghaberry,Irradiance,,09d24998-aff9-11e7-8eb0-42010afa015a,,3f48efa6-1e20-11e8-8f3f-525400b2701a,,,
1065,UKL0294,Maghaberry,Irradiance,,09d24998-aff9-11e7-8eb0-42010afa015a,,443c3860-1e20-11e8-8f3f-525400b2701a,,,
578,UKL0146,Manor Farm Eggington,Irradiance,,d341e550-b5b9-11e4-a337-00163e944340,,9b06b5fe-0de7-11e5-b38f-06876c02c9d4,,,
578,UKL0146,Manor Farm Eggington,Irradiance,,d341e550-b5b9-11e4-a337-00163e944340,,9b071698-0de7-11e5-b38f-06876c02c9d4,,,
917,UKL0250,Manston,Irradiance,,1d9340f8-302f-11e7-b545-42010afa015a,,f80c8c82-4f68-11e7-9378-42010afa015a,,,
917,UKL0250,Manston,Irradiance,,1d9340f8-302f-11e7-b545-42010afa015a,,f80f1dee-4f68-11e7-9378-42010afa015a,,,
917,UKL0250,Manston,Irradiance,,1d9340f8-302f-11e7-b545-42010afa015a,,f8007b54-4f68-11e7-9378-42010afa015a,,,
917,UKL0250,Manston,Irradiance,,1d9340f8-302f-11e7-b545-42010afa015a,,f800e1de-4f68-11e7-9378-42010afa015a,,,
9,UKL0010,Marston,Irradiance,,94e71648-523c-11e5-9766-00163e319984,,7399b80a-7700-11e9-b0dd-42010afa015a,,,
9,UKL0010,Marston,Irradiance,,94e71648-523c-11e5-9766-00163e319984,,739d0334-7700-11e9-b0dd-42010afa015a,,,
1,UKL0001,McGuigan (Wilburton) Farm,Irradiance,,b526d9f0-5d4b-11e6-8ba0-42010afa015a,,e20278ee-7e48-11e6-9a66-42010afa015a,,,
939,UKL0273,Meadow Farm (Thorpe Langton),Irradiance,,83e94b4c-f8f6-11e6-8034-42010afa015a,,7da576f6-08c9-11e7-b76e-42010afa015a,,,
939,UKL0273,Meadow Farm (Thorpe Langton),Irradiance,,83e94b4c-f8f6-11e6-8034-42010afa015a,,7da5f6d0-08c9-11e7-b76e-42010afa015a,,,
10000049,LRS0022,Mendennick,Irradiance,mendennick_m1.irradiance1,,,,,,
10000049,LRS0022,Mendennick,Irradiance,mendennick_m1.irradiance2,,,,,,
906,UKL0241,Middle Balbeggie,Irradiance,,b8a36c64-d272-11e6-aed3-42010afa015a,,faad99c0-ec5f-11e6-89e1-42010afa015a,,,
906,UKL0241,Middle Balbeggie,Irradiance,,b8a36c64-d272-11e6-aed3-42010afa015a,,faae11ac-ec5f-11e6-89e1-42010afa015a,,,
944,UKL0278,Millar Farm,Irradiance,,d7c8e4ec-df11-11e6-8976-42010afa015a,,cfbb2724-1544-11e7-8c03-42010afa015a,,,
944,UKL0278,Millar Farm,Irradiance,,d7c8e4ec-df11-11e6-8976-42010afa015a,,cfbb9a9c-1544-11e7-8c03-42010afa015a,,,
944,UKL0278,Millar Farm,Irradiance,,d7c8e4ec-df11-11e6-8976-42010afa015a,,cfbc0306-1544-11e7-8c03-42010afa015a,,,
946,UKL0280,Moira Road,Irradiance,,61a6bfc2-e958-11e6-934a-42010afa015a,,0a1ce7b6-1ec5-11e7-bdd7-42010afa015a,,,
946,UKL0280,Moira Road,Irradiance,,61a6bfc2-e958-11e6-934a-42010afa015a,,0a1d3752-1ec5-11e7-bdd7-42010afa015a,,,
946,UKL0280,Moira Road,Irradiance,,61a6bfc2-e958-11e6-934a-42010afa015a,,0a1d881a-1ec5-11e7-bdd7-42010afa015a,,,
814,UKL0162,Molland Farm,Irradiance,,,,6d43dfb4-a48f-11e9-9790-42010afa015a,,,
814,UKL0162,Molland Farm,Irradiance,,,,6d45f402-a48f-11e9-9790-42010afa015a,,,
905,UKL0240,Morfa Farm,Irradiance,,f94a316c-bb98-11e6-83c3-42010afa015a,,ff4d8bd4-dd82-11e6-a944-42010afa015a,,,
905,UKL0240,Morfa Farm,Irradiance,,f94a316c-bb98-11e6-83c3-42010afa015a,,ff4dec1e-dd82-11e6-a944-42010afa015a,,,
821,UKL0169,Nefyn,Irradiance,,d1a7bf5c-82d3-11e5-bfe5-00163e319984,,bc5acfd2-b860-11e5-90aa-06876c02c9d4,,,
821,UKL0169,Nefyn,Irradiance,,d1a7bf5c-82d3-11e5-bfe5-00163e319984,,bc5b8184-b860-11e5-90aa-06876c02c9d4,,,
1036,UKL0288,North Tenement,Irradiance,,215c2bcc-0579-11e7-a6d6-42010afa015a,,d6faff66-33f6-11e7-9c76-42010afa015a,,,
1036,UKL0288,North Tenement,Irradiance,,215c2bcc-0579-11e7-a6d6-42010afa015a,,d6fb9ade-33f6-11e7-9c76-42010afa015a,,,
977,LRS0001,Park Farm,Irradiance,,210ac690-974b-11e4-a7d7-00163e944340,,1e086036-ea77-11e4-b3b1-06876c02c9d4,,,
977,LRS0001,Park Farm,Irradiance,,210ac690-974b-11e4-a7d7-00163e944340,,1e08d37c-ea77-11e4-b3b1-06876c02c9d4,,,
940,UKL0274,Park Farm West,Irradiance,,32dadc3e-c5e3-11e6-884c-42010afa015a,,39f350cc-0f04-11e7-9bdc-42010afa015a,,,
940,UKL0274,Park Farm West,Irradiance,,32dadc3e-c5e3-11e6-884c-42010afa015a,,39f3c32c-0f04-11e7-9bdc-42010afa015a,,,
936,UKL0270,Parsonage Wood,Irradiance,,e8202e76-d65c-11e6-8907-42010afa015a,,c61353b6-eeb3-11e6-9334-42010afa015a,,,
936,UKL0270,Parsonage Wood,Irradiance,,e8202e76-d65c-11e6-8907-42010afa015a,,c613c472-eeb3-11e6-9334-42010afa015a,,,
938,UKL0272,Pen Rhiw,Irradiance,,088ac658-dd65-11e6-9a06-42010afa015a,,e42aa066-0a51-11e7-97a6-42010afa015a,,,
938,UKL0272,Pen Rhiw,Irradiance,,088ac658-dd65-11e6-9a06-42010afa015a,,e42b0eac-0a51-11e7-97a6-42010afa015a,,,
1941,UKL0297,Pilkington,Irradiance,,fcb9f2c6-1d56-11e8-88a8-002324288d55,,febee6ec-6d89-11e9-a6f6-42010afa015a,,,
1941,UKL0297,Pilkington,Irradiance,,fcb9f2c6-1d56-11e8-88a8-002324288d55,,febfd606-6d89-11e9-a6f6-42010afa015a,,,
349,UKL0019,Pont Andrew,Irradiance,,cb697cbe-5c87-11e6-ab75-42010afa015a,,6df83296-83ce-11e6-a567-42010afa015a,,,
349,UKL0019,Pont Andrew,Irradiance,,cb697cbe-5c87-11e6-ab75-42010afa015a,,6df8f366-83ce-11e6-a567-42010afa015a,,,
1063,UKL0292,Pressock,Irradiance,,e63c1136-058e-11e7-9ebb-42010afa015a,,b52a7518-2c0a-11e7-b512-42010afa015a,,,
1063,UKL0292,Pressock,Irradiance,,e63c1136-058e-11e7-9ebb-42010afa015a,,b52b3700-2c0a-11e7-b512-42010afa015a,,,
927,UKL0259,Prestop Park,Irradiance,,0a2c39d0-302e-11e7-a7ab-42010afa015a,,21970316-3fb0-11e7-86e6-42010afa015a,,,
927,UKL0259,Prestop Park,Irradiance,,0a2c39d0-302e-11e7-a7ab-42010afa015a,,21979b50-3fb0-11e7-86e6-42010afa015a,,,
927,UKL0259,Prestop Park,Irradiance,,,,2197e880-3fb0-11e7-86e6-42010afa015a,,,
927,UKL0259,Prestop Park,Irradiance,,0a2c39d0-302e-11e7-a7ab-42010afa015a,,21bb1936-3fb0-11e7-86e6-42010afa015a,,,
557,UKL0127,Primrose Hill,Irradiance,,5c1807d0-8627-11e6-9604-42010afa015a,,c3249ae6-aa10-11e9-8f93-42010afa015a,,,
557,UKL0127,Primrose Hill,Irradiance,,5c1807d0-8627-11e6-9604-42010afa015a,,c325b62e-aa10-11e9-8f93-42010afa015a,,,
841,UKL0189,QE2 Floater,Irradiance,,f2ac0062-d97e-11e5-9e13-42010afa015a,,17e0ca86-1db1-11e6-bd7b-42010afa015a,,,
841,UKL0189,QE2 Floater,Irradiance,,f2ac0062-d97e-11e5-9e13-42010afa015a,,17e1154a-1db1-11e6-bd7b-42010afa015a,,,
841,UKL0189,QE2 Floater,Irradiance,,f2ac0062-d97e-11e5-9e13-42010afa015a,,17e1675c-1db1-11e6-bd7b-42010afa015a,,,
823,UKL0171,Redhill Farm,Irradiance,,28fe9fa6-7667-11e5-a0d3-00163e319984,,9e01a014-a268-11e5-bccd-06876c02c9d4,,,
823,UKL0171,Redhill Farm,Irradiance,,28fe9fa6-7667-11e5-a0d3-00163e319984,,9e01fe06-a268-11e5-bccd-06876c02c9d4,,,
8,UKL0009,Robb (Hawton) Farm,Irradiance,,eb052d08-5fab-11e6-854d-42010afa015a,,41a5122e-bc75-11e6-b752-42010afa015a,,,
8,UKL0009,Robb (Hawton) Farm,Irradiance,,eb052d08-5fab-11e6-854d-42010afa015a,,41a58600-bc75-11e6-b752-42010afa015a,,,
444,UKL0086,Rudge Hill Farm,Irradiance,,c8edf6dc-dba8-11e5-91ef-42010afa015a,,599d919c-d124-11e8-99f2-42010afa015a,,,
444,UKL0086,Rudge Hill Farm,Irradiance,,c8edf6dc-dba8-11e5-91ef-42010afa015a,,599ea5d2-d124-11e8-99f2-42010afa015a,,,
881,UKL0206,Safeguard Bradwall,Irradiance,,01b6eefa-aa5d-11e6-8050-42010afa015a,,ecab93ce-ec76-11e6-9878-42010afa015a,,,
881,UKL0206,Safeguard Bradwall,Irradiance,,01b6eefa-aa5d-11e6-8050-42010afa015a,,ecac2c62-ec76-11e6-9878-42010afa015a,,,
2,UKL0003,Sandhill,Irradiance,,f499052a-2c35-11e4-8cf7-00163e944340,,c967d558-5b5f-11e4-9fad-06876c02c9d4,,,
2,UKL0003,Sandhill,Irradiance,,f499052a-2c35-11e4-8cf7-00163e944340,,c9682a08-5b5f-11e4-9fad-06876c02c9d4,,,
978,LRS0002,Sawmills,Irradiance,,60b78622-9aff-11e4-9dc4-00163e944340,,f6214f0e-1c00-11e5-83b5-06876c02c9d4,,,
978,LRS0002,Sawmills,Irradiance,,60b78622-9aff-11e4-9dc4-00163e944340,,f621aa3a-1c00-11e5-83b5-06876c02c9d4,,,
928,UKL0265,Says Court,Irradiance,,b4158c02-2dcd-11e7-8f44-42010afa015a,,f2a53d16-3c8a-11e7-bc81-42010afa015a,,,
928,UKL0265,Says Court,Irradiance,,b4158c02-2dcd-11e7-8f44-42010afa015a,,f2d1ea82-3c8a-11e7-bc81-42010afa015a,,,
928,UKL0265,Says Court,Irradiance,,b4158c02-2dcd-11e7-8f44-42010afa015a,,f2a5c646-3c8a-11e7-bc81-42010afa015a,,,
928,UKL0265,Says Court,Irradiance,,b4158c02-2dcd-11e7-8f44-42010afa015a,,f2d51b80-3c8a-11e7-bc81-42010afa015a,,,
825,UKL0172,School Aycliffe,Irradiance,,a5443db6-7b29-11e5-bf8e-00163e319984,,e1ff5fd2-d561-11e5-afce-42010afa015a,,,
825,UKL0172,School Aycliffe,Irradiance,,a5443db6-7b29-11e5-bf8e-00163e319984,,e1fff672-d561-11e5-afce-42010afa015a,,,
573,UKL0142,Shaftesbury,Irradiance,,a5f6ffaa-b900-11e4-8889-00163e944340,,4e3e817c-f4cc-11e4-8423-06876c02c9d4,,,
573,UKL0142,Shaftesbury,Irradiance,,a5f6ffaa-b900-11e4-8889-00163e944340,,4e3df75c-f4cc-11e4-8423-06876c02c9d4,,,
941,UKL0275,Sharland Farm,Irradiance,,406fefd2-f2b2-11e6-bbe3-42010afa015a,,21b1e354-04c6-11e7-bb94-42010afa015a,,,
941,UKL0275,Sharland Farm,Irradiance,,406fefd2-f2b2-11e6-bbe3-42010afa015a,,21b2424a-04c6-11e7-bb94-42010afa015a,,,
832,UKL0178,Sheriffhales,Irradiance,,87094d5a-7b29-11e5-b054-00163e319984,,3ecbf8c4-aecf-11e5-b2bf-06876c02c9d4,,,
832,UKL0178,Sheriffhales,Irradiance,,87094d5a-7b29-11e5-b054-00163e319984,,3ecc670a-aecf-11e5-b2bf-06876c02c9d4,,,
879,UKL0204,Sheriffhales CIC,Irradiance,,4096d0f0-2276-11e6-9998-42010afa015a,,943293d6-3de0-11e6-91f2-42010afa015a,,,
879,UKL0204,Sheriffhales CIC,Irradiance,,4096d0f0-2276-11e6-9998-42010afa015a,,943315a4-3de0-11e6-91f2-42010afa015a,,,
986,LRS0010,Shoals Hook,Irradiance,Shoals_m1.irradiance1,,,,,,
986,LRS0010,Shoals Hook,Irradiance,Shoals_m1.irradiance2,,,,,,
986,LRS0010,Shoals Hook,Irradiance,Shoals_m1.irradiance3,,,,,,
986,LRS0010,Shoals Hook,Irradiance,Shoals_m1.irradiance4,,,,,,
839,UKL0184,South Creake,Irradiance,,b0234d8a-c368-11e5-abba-42010afa015a,,c7e45f74-fd86-11e5-a055-42010afa015a,,,
839,UKL0184,South Creake,Irradiance,,b0234d8a-c368-11e5-abba-42010afa015a,,c7e6e5dc-fd86-11e5-a055-42010afa015a,,,
839,UKL0184,South Creake,Irradiance,,b0234d8a-c368-11e5-abba-42010afa015a,,c7e78fb4-fd86-11e5-a055-42010afa015a,,,
839,UKL0184,South Creake,Irradiance,,b0234d8a-c368-11e5-abba-42010afa015a,,c7e51a36-fd86-11e5-a055-42010afa015a,,,
839,UKL0184,South Creake,Irradiance,,b0234d8a-c368-11e5-abba-42010afa015a,,c7e5c5b2-fd86-11e5-a055-42010afa015a,,,
839,UKL0184,South Creake,Irradiance,,b0234d8a-c368-11e5-abba-42010afa015a,,c7e64de8-fd86-11e5-a055-42010afa015a,,,
556,UKL0126,St Francis,Irradiance,,44aa883e-3a14-11e6-b9a5-42010afa015a,,a3206fba-83a7-11ea-9ec5-42010afa015a,,,
556,UKL0126,St Francis,Irradiance,,44aa883e-3a14-11e6-b9a5-42010afa015a,,a3221f54-83a7-11ea-9ec5-42010afa015a,,,
388,UKL0036,Stables Farm,Irradiance,,6b9cdd46-5cd0-11e6-9f88-42010afa015a,,b05cef32-83ce-11e6-95a5-42010afa015a,,,
388,UKL0036,Stables Farm,Irradiance,,6b9cdd46-5cd0-11e6-9f88-42010afa015a,,b05d5d96-83ce-11e6-95a5-42010afa015a,,,
873,UKL0198,Staining Wood,Irradiance,,e385bcfa-dbc1-11e5-88e4-42010afa015a,,438c800c-0ae3-11e6-9154-42010afa015a,,,
873,UKL0198,Staining Wood,Irradiance,,e385bcfa-dbc1-11e5-88e4-42010afa015a,,438d0bd0-0ae3-11e6-9154-42010afa015a,,,
876,UKL0201,Stragglethorpe Road,Irradiance,,5f282642-e52a-11e5-af30-42010afa015a,,0a4ec6d6-ffc3-11e5-b9c7-42010afa015a,,,
876,UKL0201,Stragglethorpe Road,Irradiance,,5f282642-e52a-11e5-af30-42010afa015a,,0a4f5c18-ffc3-11e5-b9c7-42010afa015a,,,
350,UKL0027,Summerlands,Irradiance,,3e5f6756-a9b8-11e6-9d2a-42010afa015a,,b33a9c4e-b16a-11e6-acab-42010afa015a,,,
350,UKL0027,Summerlands,Irradiance,,3e5f6756-a9b8-11e6-9d2a-42010afa015a,,b33b0986-b16a-11e6-acab-42010afa015a,,,
929,UKL0264,Sundorne,Irradiance,,6659780e-302d-11e7-a9a8-42010afa015a,,737da1b8-4473-11e7-8fe3-42010afa015a,,,
929,UKL0264,Sundorne,Irradiance,,6659780e-302d-11e7-a9a8-42010afa015a,,737dfd20-4473-11e7-8fe3-42010afa015a,,,
929,UKL0264,Sundorne,Irradiance,,6659780e-302d-11e7-a9a8-42010afa015a,,737d1c98-4473-11e7-8fe3-42010afa015a,,,
929,UKL0264,Sundorne,Irradiance,,6659780e-302d-11e7-a9a8-42010afa015a,,73a6fe1e-4473-11e7-8fe3-42010afa015a,,,
430,UKL0072,Trefinnick,Irradiance,,07ba0318-a987-11e6-b57e-42010afa015a,,cf0a2480-ef24-11e9-aa1b-42010afa015a,,,
430,UKL0072,Trefinnick,Irradiance,,07ba0318-a987-11e6-b57e-42010afa015a,,cf0b6fca-ef24-11e9-aa1b-42010afa015a,,,
551,UKL0120,Treguff,Irradiance,,3785f0d2-8393-11e4-927f-00163e944340,,0b535c5e-b5eb-11e4-a3d3-06876c02c9d4,,,
551,UKL0120,Treguff,Irradiance,,3785f0d2-8393-11e4-927f-00163e944340,,0b53c5e0-b5eb-11e4-a3d3-06876c02c9d4,,,
822,UKL0170,Upper Clayhill,Irradiance,,e5d8d1c8-014a-11e6-a4fa-42010afa015a,,1e025c24-1548-11e7-a0f4-42010afa015a,,,
822,UKL0170,Upper Clayhill,Irradiance,,e5d8d1c8-014a-11e6-a4fa-42010afa015a,,1e02e48c-1548-11e7-a0f4-42010afa015a,,,
1019,LRS0060,Verwood Solar Farm ,Irradiance,,,,4e8ea546-4954-11e8-a5c2-42010afa015a,,,
1019,LRS0060,Verwood Solar Farm ,Irradiance,,b53a170c-0177-11e6-97d3-00163eb15f52,,4e946454-4954-11e8-a5c2-42010afa015a,,,
1019,LRS0060,Verwood Solar Farm ,Irradiance,,b53a170c-0177-11e6-97d3-00163eb15f52,,643353a6-4954-11e8-a5c2-42010afa015a,,,
1019,LRS0060,Verwood Solar Farm ,Irradiance,,b53a170c-0177-11e6-97d3-00163eb15f52,,643888bc-4954-11e8-a5c2-42010afa015a,,,
352,UKL0022,West Bradley,Irradiance,,a89dd188-a9af-11e6-921c-42010afa015a,,76c51cbe-b172-11e6-8a94-42010afa015a,,,
352,UKL0022,West Bradley,Irradiance,,a89dd188-a9af-11e6-921c-42010afa015a,,76c5d456-b172-11e6-8a94-42010afa015a,,,
930,UKL0263,West Farm,Irradiance,,4d3db02a-302c-11e7-ba3e-42010afa015a,,a013082e-3fb6-11e7-a590-42010afa015a,,,
930,UKL0263,West Farm,Irradiance,,4d3db02a-302c-11e7-ba3e-42010afa015a,,6e346608-fa40-11e9-934d-525400b2701a,,,
930,UKL0263,West Farm,Irradiance,,4d3db02a-302c-11e7-ba3e-42010afa015a,,a0136ddc-3fb6-11e7-a590-42010afa015a,,,
930,UKL0263,West Farm,Irradiance,,4d3db02a-302c-11e7-ba3e-42010afa015a,,714f32b4-fa40-11e9-934d-525400b2701a,,,
918,UKL0251,Westwood,Irradiance,,3eaa5b50-302f-11e7-9ec4-42010afa015a,,db24ed4c-4475-11e7-8cc3-42010afa015a,,,
918,UKL0251,Westwood,Irradiance,,3eaa5b50-302f-11e7-9ec4-42010afa015a,,db256e48-4475-11e7-8cc3-42010afa015a,,,
918,UKL0251,Westwood,Irradiance,,3eaa5b50-302f-11e7-9ec4-42010afa015a,,db315654-4475-11e7-8cc3-42010afa015a,,,
918,UKL0251,Westwood,Irradiance,,3eaa5b50-302f-11e7-9ec4-42010afa015a,,db3343ec-4475-11e7-8cc3-42010afa015a,,,
107,UKL0002,Wheal Jane,Irradiance,,98544f5e-a99c-11e6-bea8-42010afa015a,,6625ff36-c13a-11e6-b7f2-42010afa015a,,,
965,UKL0284,Wick Red Farm,Irradiance,,fe682cca-f9e6-11e7-993a-42010afa015a,,3c67efce-0284-11e8-8f90-42010afa015a,,,
965,UKL0284,Wick Red Farm,Irradiance,,fe682cca-f9e6-11e7-993a-42010afa015a,,3d0d4dc0-0284-11e8-8f90-42010afa015a,,,
931,UKL0262,Wrockwardine,Irradiance,,c147e58e-302d-11e7-8cbc-42010afa015a,,75ca1ac8-3faa-11e7-8e19-42010afa015a,,,
931,UKL0262,Wrockwardine,Irradiance,,c147e58e-302d-11e7-8cbc-42010afa015a,,75ca874c-3faa-11e7-8e19-42010afa015a,,,
931,UKL0262,Wrockwardine,Irradiance,,c147e58e-302d-11e7-8cbc-42010afa015a,,75cad54e-3faa-11e7-8e19-42010afa015a,,,
931,UKL0262,Wrockwardine,Irradiance,,c147e58e-302d-11e7-8cbc-42010afa015a,,75d65ce8-3faa-11e7-8e19-42010afa015a,,,
981,LRS0005,Yardwall ,Irradiance,,38d79722-051d-11e5-8535-00163e944340,,95ee2118-44df-11e5-8bbd-06876c02c9d4,,,
981,LRS0005,Yardwall ,Irradiance,,38d79722-051d-11e5-8535-00163e944340,,95eea12e-44df-11e5-8bbd-06876c02c9d4,,,
348,UKL0018,Yeowood,Irradiance,,2ead00c4-01e6-11e4-9c90-00163e944340,,ed8a2c6a-a6d7-11e4-a077-06876c02c9d4,,,
348,UKL0018,Yeowood,Irradiance,,2ead00c4-01e6-11e4-9c90-00163e944340,,ed8a8e26-a6d7-11e4-a077-06876c02c9d4,,,
935,UKL0269,Norrington,Irradiance,,edfdc30a-39a1-11e7-9b57-42010afa015a,,f1aa7838-4f6b-11e7-a143-42010afa015a,,0.38,15
935,UKL0269,Norrington,Irradiance,,edfdc30a-39a1-11e7-9b57-42010afa015a,,f1b85552-4f6b-11e7-a143-42010afa015a,,0.38,15
935,UKL0269,Norrington,Irradiance,,edfdc30a-39a1-11e7-9b57-42010afa015a,,f1ab1c2a-4f6b-11e7-a143-42010afa015a,,0.62,25
935,UKL0269,Norrington,Irradiance,,edfdc30a-39a1-11e7-9b57-42010afa015a,,f1ab6f9a-4f6b-11e7-a143-42010afa015a,,0.62,25
11,UKL0012,Promens,Irradiance,,d2167ab4-26ee-11e5-ae6e-00163e319984,,a3d6f64a-78a4-11e9-b9af-42010afa015a,,0.5,1
11,UKL0012,Promens,Irradiance,,d2167ab4-26ee-11e5-ae6e-00163e319984,,a3d7b45e-78a4-11e9-b9af-42010afa015a,,0.5,1
11,UKL0012,Promens,Irradiance,,d2167ab4-26ee-11e5-ae6e-00163e319984,,d0237560-a2e4-11e9-9434-525400b2701a,,0.5,2
11,UKL0012,Promens,Irradiance,,d2167ab4-26ee-11e5-ae6e-00163e319984,,d0251712-a2e4-11e9-9434-525400b2701a,,0.5,2
934,UKL0268,Walton,Irradiance,,40256ce2-1722-11e8-8861-42010afa015a,,e0371918-5838-11e8-9158-42010afa015a,,0.7828,155
934,UKL0268,Walton,Irradiance,,40256ce2-1722-11e8-8861-42010afa015a,,e0373e84-5838-11e8-9158-42010afa015a,,0.7828,155
934,UKL0268,Walton,Irradiance,,40256ce2-1722-11e8-8861-42010afa015a,,e0359a2a-5838-11e8-9158-42010afa015a,,0.2172,190
934,UKL0268,Walton,Irradiance,,40256ce2-1722-11e8-8861-42010afa015a,,e035d18e-5838-11e8-9158-42010afa015a,,0.2172,190
