{
  "$schema": "https://schema.management.azure.com/schemas/2015-01-01/deploymentParameters.json#",
  "contentVersion": "1.0.0.0",
  "parameters": {
    "logicAppEnv": {
      "value": "prod"
    },    
    "logicAppEnvSf": {		
			"value": "PRD"
		},
    "azureblob_accountName": {
      "value": "lsbpdata"
    },
    "solargis_api_key": {
	   "reference": 
	   {
			"keyVault": 
			{
				"id": "/subscriptions/3eee8679-a953-4c5a-9f22-40ded5d9733b/resourceGroups/data_lake_rg_dev/providers/Microsoft.KeyVault/vaults/dl-kv-dev"
			}, 
			"secretName": "solargis-api-key"
		}
	}
  }
}
