{
  "$schema": "https://schema.management.azure.com/schemas/2015-01-01/deploymentTemplate.json#",
  "contentVersion": "1.0.0.0",
  "parameters": {
    "logicAppEnv": {
      "type": "string",     
      "metadata": {
        "description": "Deployment environment of the Logic App."
      }
    },
	"logicAppEnvSf": {
		"type": "string",
		"defaultValue": "[parameters('logicAppEnv')]"
	},	
    "logicAppLocation": {
      "type": "string",
      "defaultValue": "[resourceGroup().location]",     
      "metadata": {
        "description": "Location of the Logic App."
      }
    },
    "Fetch_control_params-ResourceGroup": {
      "type": "string",
      "defaultValue": "[resourceGroup().name]"
    },
    "Fetch_control_params-FunctionApp": {
      "type": "string",
      "defaultValue": "[concat('dl-func-',parameters('logicAppEnv'))]"	  
    },
    "Fetch_control_params-FunctionName": {
      "type": "string",
      "defaultValue": "fetch-control-params"
    },
    "Call_Satellite_API_for_monthly_Load-URI": {
      "type": "string",
      "defaultValue": "@variables('request_url')"
    },
    "Call_Satellite_API_for_monthly_Load_(NS)-URI": {
      "type": "string",
      "defaultValue": "@variables('request_url')"
    },
	"solargis_api_key": {
      "type": "securestring"
    },
    "paramapiKey": {
      "type": "securestring",
      "defaultValue": ""
    },
	"adf_name" : {
	 "type":"string",
	 "defaultValue": "[concat('dl-df-',parameters('logicAppEnv'))]"
	},
	"adf_subscription" : {
		"type":"string",
		"defaultValue": "[subscription().subscriptionId]"
	},
	"adf_resource_group" : {
		"type":"string",
		"defaultValue": "[resourceGroup().name]"
	},
	"azureblob_accountName": {
      "type":"string",
      "defaultValue": "[concat('lsbpdata',parameters('logicAppEnv'))]"
    },
    "azureblob_name": {
      "type": "string",
      "defaultValue": "azureblob"
    },
    "azureblob_displayName": {
      "type": "string",
      "defaultValue": "dl-landing-zones"
    },    
    "azureblob_resourceGroupName": {
      "type": "string",
      "defaultValue": "[resourceGroup().name]"
    },
    "azuredatafactory_name": {
      "type": "string",
      "defaultValue": "azuredatafactory"
    },
    "azuredatafactory_displayName": {
      "type": "string",
      "defaultValue": "dl-la-adf"  
    }
  },
  "variables": {},
  "resources": [
    {
      "type": "Microsoft.Logic/workflows",
      "apiVersion": "2016-06-01",
      "name": "[concat('dl-la-',parameters('logicAppEnv'),'-satellite-data-bulk-load')]",	  
      "location": "[parameters('logicAppLocation')]",
      "dependsOn": [
        "[resourceId('Microsoft.Web/connections', parameters('azureblob_name'))]",
        "[resourceId('Microsoft.Web/connections', parameters('azuredatafactory_name'))]"
      ],
      "properties": {
        "definition": {
          "$schema": "https://schema.management.azure.com/providers/Microsoft.Logic/schemas/2016-06-01/workflowdefinition.json#",
          "contentVersion": "1.0.0.0",
          "parameters": {
            "$connections": {
              "defaultValue": {},
              "type": "Object"
            },
           "adfName": {
              "defaultValue": "[parameters('adf_name')]",
              "type": "String"
            },
            "adfResourceGroup": {
              "defaultValue": "[parameters('adf_resource_group')]",
              "type": "String"
            },
            "adfSubscription": {
              "defaultValue": "[parameters('adf_subscription')]",
              "type": "String"
            },
            "apiKey": {
              "type": "SecureString"
            }
          },
          "triggers": {
            "manual": {
              "type": "Request",
              "kind": "Http",
              "inputs": {
                "schema": {
                  "properties": {
                    "from_date": {
                      "type": "string"
                    },
                    "gmt_hours_offset": {
                      "type": "integer"
                    },
                    "timezone": {
                      "type": "string"
                    },
                    "to_date": {
                      "type": "string"
                    }
                  },
                  "type": "object"
                }
              }
            }
          },
          "actions": {
            "Call_snowflake_procedure_using_ADF_for_monthly_load": {
              "runAfter": {
                "Compose_monthly_load_JSON_for_azure_function": [
                  "Succeeded"
                ]
              },
              "type": "ApiConnection",
              "inputs": {
                "body": {
                  "inputPath": "@{outputs('Compose_monthly_load_JSON_for_azure_function')}"
                },
                "host": {
                  "connection": {
                    "name": "@parameters('$connections')['azuredatafactory']['connectionId']"
                  }
                },
                "method": "post",
                "path": "/subscriptions/@{encodeURIComponent(parameters('adfSubscription'))}/resourcegroups/@{encodeURIComponent(parameters('adfResourceGroup'))}/providers/Microsoft.DataFactory/factories/@{encodeURIComponent(parameters('adfName'))}/pipelines/@{encodeURIComponent('pl_satellite_load')}/CreateRun",
                "queries": {
                  "x-ms-api-version": "2017-09-01-preview"
                },
                "retryPolicy": {
                  "type": "none"
                }
              },
              "operationOptions": "DisableAsyncPattern"
            },
            "Compose_monthly_load_JSON_for_azure_function": {
              "runAfter": {
                "For_each_site_for_monthly_load": [
                  "Succeeded"
                ]
              },
              "type": "Compose",
              "inputs": "@variables('blobPath')"
            },
            "Fetch_control_params": {
              "runAfter": {
                "Function_inputs_(DB,_schema_and_table)": [
                  "Succeeded"
                ]
              },
              "type": "Function",
              "inputs": {
                "body": "@outputs('Function_inputs_(DB,_schema_and_table)')",
                "function": {
                  "id": "[concat('/subscriptions/',subscription().subscriptionId,'/resourceGroups/',parameters('Fetch_control_params-ResourceGroup'),'/providers/Microsoft.Web/sites/',parameters('Fetch_control_params-FunctionApp'),'/functions/',parameters('Fetch_control_params-FunctionName'))]"
                },
                "method": "POST"
              }
            },
            "Filter_sites_basis_on_timezone": {
              "runAfter": {
                "Parse_JSON_-_Function_output": [
                  "Succeeded"
                ]
              },
              "type": "Query",
              "inputs": {
                "from": "@body('Parse_JSON_-_Function_output')",
                "where": "@equals(item()['TIMEZONE'], triggerBody()?['timezone'])"
              }
            },
            "For_each_site_for_monthly_load": {
              "foreach": "@body('Filter_sites_basis_on_timezone')",
              "actions": {
                "Reset_from_date": {
                  "runAfter": {
                    "Reset_looping_counter": [
                      "Succeeded"
                    ]
                  },
                  "type": "SetVariable",
                  "inputs": {
                    "name": "fromDate",
                    "value": "@{triggerBody()?['from_date']}"
                  }
                },
                "Reset_looping_counter": {
                  "runAfter": {},
                  "type": "SetVariable",
                  "inputs": {
                    "name": "numDays",
                    "value": 0
                  }
                },
                "Reset_to_date": {
                  "runAfter": {
                    "Reset_from_date": [
                      "Succeeded"
                    ]
                  },
                  "type": "SetVariable",
                  "inputs": {
                    "name": "toDate",
                    "value": "@{formatDateTime(addDays(variables('fromDate'), add(variables('numDaysFetch'),-1),'yyyy-MM-dd' ))}"
                  }
                },
                "Until": {
                  "actions": {
                    "Condition": {
                      "actions": {
                        "Set_end_date_-_true": {
                          "runAfter": {},
                          "type": "SetVariable",
                          "inputs": {
                            "name": "toDate",
                            "value": "@{formatDateTime(triggerBody()?['to_date'],'yyyy-MM-dd')}"
                          }
                        }
                      },
                      "runAfter": {
                        "Increment_start_date": [
                          "Succeeded"
                        ]
                      },
                      "else": {
                        "actions": {
                          "Set_end_date_-_false": {
                            "runAfter": {},
                            "type": "SetVariable",
                            "inputs": {
                              "name": "toDate",
                              "value": "@{addDays(variables('fromDate'), variables('numDaysFetch'))}"
                            }
                          }
                        }
                      },
                      "expression": {
                        "and": [
                          {
                            "greater": [
                              "@ticks(addDays(variables('fromDate'), variables('numDaysFetch')))",
                              "@ticks(triggerBody()?['to_date'])"
                            ]
                          }
                        ]
                      },
                      "type": "If"
                    },
                    "Increment_num_days": {
                      "runAfter": {
                        "Switch_on_Geometry_type_(monthly)": [
                          "Succeeded"
                        ]
                      },
                      "type": "IncrementVariable",
                      "inputs": {
                        "name": "numDays",
                        "value": "@variables('numDaysFetch')"
                      }
                    },
                    "Increment_start_date": {
                      "runAfter": {
                        "Increment_num_days": [
                          "Succeeded"
                        ]
                      },
                      "type": "SetVariable",
                      "inputs": {
                        "name": "fromDate",
                        "value": "@{addDays(variables('toDate'), 1)}"
                      }
                    },
                    "Switch_on_Geometry_type_(monthly)": {
                      "runAfter": {},
                      "cases": {
                        "GeometryFixedOneAngle": {
                          "case": "GeometryFixedOneAngle",
                          "actions": {
                            "Call_Satellite_API_for_monthly_Load": {
                              "runAfter": {
                                "Compose_input_body_for_month_load": [
                                  "Succeeded"
                                ]
                              },
                              "type": "Http",
                              "inputs": {
                                "body": "@xml(outputs('Compose_input_body_for_month_load'))",
                                "method": "POST",
                                "queries": {
                                  "key": "@parameters('apiKey')"
                                },
                                "uri": "[parameters('Call_Satellite_API_for_monthly_Load-URI')]"
                              },
                              "runtimeConfiguration": {
                                "secureData": {
                                  "properties": [
                                    "inputs"
                                  ]
                                }
                              }
                            },
                            "Compose_input_body_for_month_load": {
                              "runAfter": {},
                              "type": "Compose",
                              "inputs": "<ws:dataDeliveryRequest dateFrom=\"@{formatDateTime(variables('fromDate'),'yyyy-MM-dd')}\" dateTo=\"@{formatDateTime(variables('toDate'),'yyyy-MM-dd')}\"\n  xmlns=\"http://geomodel.eu/schema/data/request\"\n  xmlns:ws=\"http://geomodel.eu/schema/ws/data\"\n  xmlns:geo=\"http://geomodel.eu/schema/common/geo\"\n xmlns:pv=\"http://geomodel.eu/schema/common/pv\"\n xmlns:xsi=\"http://www.w3.org/2001/XMLSchema-instance\">\n    <site id=\"@{items('For_each_site_for_monthly_load')['SOLARGIS_SITE_NAME']}\" lat=\"@{items('For_each_site_for_monthly_load')['LATITUDE']}\" lng=\"@{items('For_each_site_for_monthly_load')['LONGITUDE']}\">\n   <pv:geometry xsi:type=\"pv:@{items('For_each_site_for_monthly_load')['GEOMETRY_TYPE']}\" azimuth=\"@{items('For_each_site_for_monthly_load')['SOLARGIS_AZIMUTH']}\" tilt=\"@{items('For_each_site_for_monthly_load')['SOLARGIS_TILT']}\"/>\n@{items('For_each_site_for_monthly_load')?['OTHER_CONFIG_STR']}\n  </site>  \n <processing key=\"GHI GTI TEMP\" summarization=\"MIN_15\">\n   <timeZone>GMT@{variables('getHoursDiff')}</timeZone>\n  <timestampType>END</timestampType>\n </processing> \n</ws:dataDeliveryRequest>"
                            },
                            "Create_monthly_xml_blob": {
                              "runAfter": {
                                "Call_Satellite_API_for_monthly_Load": [
                                  "Succeeded"
                                ]
                              },
                              "type": "ApiConnection",
                              "inputs": {
                                "body": "@body('Call_Satellite_API_for_monthly_Load')",
                                "headers": {
                                  "ReadFileMetadataFromServer": true
                                },
                                "host": {
                                  "connection": {
                                    "name": "@parameters('$connections')['azureblob']['connectionId']"
                                  }
                                },
                                "method": "post",
                                "path": "/datasets/default/files",
                                "queries": {
                                  "folderPath": "/satellite-landing-zone@{variables('blobPath')}",
                                  "name": "@{items('For_each_site_for_monthly_load')?['PROFILE']}-@{items('For_each_site_for_monthly_load')['SOLARGIS_SITE_NAME']}-@{formatDateTime(variables('fromDate'),'yyyyMMddhhmm')}.xml",
                                  "queryParametersSingleEncoded": true
                                }
                              },
                              "runtimeConfiguration": {
                                "contentTransfer": {
                                  "transferMode": "Chunked"
                                }
                              }
                            }
                          }
                        },
                        "GeometryOneAxisHorizontalNS": {
                          "case": "GeometryOneAxisHorizontalNS",
                          "actions": {
                            "Call_Satellite_API_for_monthly_Load_(NS)": {
                              "runAfter": {
                                "Compose_input_body_for_month_load_(INS)": [
                                  "Succeeded"
                                ]
                              },
                              "type": "Http",
                              "inputs": {
                                "body": "@xml(outputs('Compose_input_body_for_month_load_(INS)'))",
                                "method": "POST",
                                "queries": {
                                  "key": "@parameters('apiKey')"
                                },
                                "uri": "[parameters('Call_Satellite_API_for_monthly_Load_(NS)-URI')]"
                              },
                              "runtimeConfiguration": {
                                "secureData": {
                                  "properties": [
                                    "inputs"
                                  ]
                                }
                              }
                            },
                            "Compose_input_body_for_month_load_(INS)": {
                              "runAfter": {},
                              "type": "Compose",
                              "inputs": "<ws:dataDeliveryRequest dateFrom=\"@{formatDateTime(variables('fromDate'),'yyyy-MM-dd')}\" dateTo=\"@{formatDateTime(variables('toDate'),'yyyy-MM-dd')}\"\n  xmlns=\"http://geomodel.eu/schema/data/request\"\n  xmlns:ws=\"http://geomodel.eu/schema/ws/data\"\n  xmlns:geo=\"http://geomodel.eu/schema/common/geo\"\n xmlns:pv=\"http://geomodel.eu/schema/common/pv\"\n xmlns:xsi=\"http://www.w3.org/2001/XMLSchema-instance\">\n    <site id=\"@{items('For_each_site_for_monthly_load')['SOLARGIS_SITE_NAME']}\" lat=\"@{items('For_each_site_for_monthly_load')['LATITUDE']}\" lng=\"@{items('For_each_site_for_monthly_load')['LONGITUDE']}\">\n   <pv:geometry xsi:type=\"pv:@{items('For_each_site_for_monthly_load')['GEOMETRY_TYPE']}\" rotationLimitEast=\"@{items('For_each_site_for_monthly_load')['ROTATION_LIMIT_EAST']}\" rotationLimitWest=\"@{items('For_each_site_for_monthly_load')['ROTATION_LIMIT_WEST']}\" backTracking=\"@{items('For_each_site_for_monthly_load')['BACK_TRACKING']}\" azimuth=\"@{items('For_each_site_for_monthly_load')['SOLARGIS_AZIMUTH']}\"/> \n@{items('For_each_site_for_monthly_load')?['OTHER_CONFIG_STR']}\n  </site>  \n <processing key=\"GHI GTI TEMP\" summarization=\"MIN_15\">\n   <timeZone>GMT@{variables('getHoursDiff')}</timeZone>\n  <timestampType>END</timestampType>\n </processing> \n</ws:dataDeliveryRequest>"
                            },
                            "Create_monthly_xml_blob_(INS)": {
                              "runAfter": {
                                "Call_Satellite_API_for_monthly_Load_(NS)": [
                                  "Succeeded"
                                ]
                              },
                              "type": "ApiConnection",
                              "inputs": {
                                "body": "@body('Call_Satellite_API_for_monthly_Load_(NS)')",
                                "headers": {
                                  "ReadFileMetadataFromServer": true
                                },
                                "host": {
                                  "connection": {
                                    "name": "@parameters('$connections')['azureblob']['connectionId']"
                                  }
                                },
                                "method": "post",
                                "path": "/datasets/default/files",
                                "queries": {
                                  "folderPath": "/satellite-landing-zone@{variables('blobPath')}",
                                  "name": "@{items('For_each_site_for_monthly_load')?['PROFILE']}-@{items('For_each_site_for_monthly_load')['SOLARGIS_SITE_NAME']}-@{formatDateTime(variables('fromDate'),'yyyyMMddhhmm')}.xml",
                                  "queryParametersSingleEncoded": true
                                }
                              },
                              "runtimeConfiguration": {
                                "contentTransfer": {
                                  "transferMode": "Chunked"
                                }
                              }
                            }
                          }
                        }
                      },
                      "default": {
                        "actions": {}
                      },
                      "expression": "@items('For_each_site_for_monthly_load')['GEOMETRY_TYPE']",
                      "type": "Switch"
                    }
                  },
                  "runAfter": {
                    "Reset_to_date": [
                      "Succeeded"
                    ]
                  },
                  "expression": "@greater(ticks(variables('fromDate')), ticks(triggerBody()?['to_date']))",
                  "limit": {
                    "count": 31,
                    "timeout": "PT1H"
                  },
                  "type": "Until"
                }
              },
              "runAfter": {
                "Filter_sites_basis_on_timezone": [
                  "Succeeded"
                ]
              },
              "type": "Foreach",
              "runtimeConfiguration": {
                "concurrency": {
                  "repetitions": 1
                }
              }
            },
            "Function_inputs_(DB,_schema_and_table)": {
              "runAfter": {
                "Initialize_variable_(type_-_Array)_-_Function_output": [
                  "Succeeded"
                ]
              },
              "type": "Compose",
              "inputs": {
                "database": "[concat('DATA_LAKE_',parameters('logicAppEnvSf'))]",				
                "schema": "CONTROL",
                "table": "SATELLITE_TZ_LOAD"
              }
            },
            "Initialize_variable_(type_-_Array)_-_Function_output": {
              "runAfter": {
                "Initialize_variable_(type_-_String)_-__HTTP_URI": [
                  "Succeeded"
                ]
              },
              "type": "InitializeVariable",
              "inputs": {
                "variables": [
                  {
                    "name": "FunctionOutput",
                    "type": "array"
                  }
                ]
              }
            },
            "Initialize_variable_(type_-_Integer)_-_loopingParameter": {
              "runAfter": {
                "Initialize_variable_(type_-_String)_-_hoursForXMLRequest": [
                  "Succeeded"
                ]
              },
              "type": "InitializeVariable",
              "inputs": {
                "variables": [
                  {
                    "name": "numDays",
                    "type": "integer",
                    "value": 0
                  }
                ]
              }
            },
            "Initialize_variable_(type_-_Integer)_-_numDaysIncrement": {
              "runAfter": {
                "Initialize_variable_(type_-_Integer)_-_loopingParameter": [
                  "Succeeded"
                ]
              },
              "type": "InitializeVariable",
              "inputs": {
                "variables": [
                  {
                    "name": "numDaysFetch",
                    "type": "integer",
                    "value": "@min(15,div(sub(ticks(triggerBody()?['to_date']),ticks(triggerBody()?['from_date'])),864000000000))"
                  }
                ]
              }
            },
            "Initialize_variable_(type_-_String)_-__HTTP_URI": {
              "runAfter": {
                "Initialize_variable_(type_-_Integer)_-_numDaysIncrement": [
                  "Succeeded"
                ]
              },
              "type": "InitializeVariable",
              "inputs": {
                "variables": [
                  {
                    "name": "request_url",
                    "type": "string",
                    "value": "https://solargis.info/ws/rest/datadelivery/request"
                  }
                ]
              }
            },
            "Initialize_variable_(type_-_String)_-_blobPath": {
              "runAfter": {
                "Initialize_variable_(type_-_String)_-_bulkUpload": [
                  "Succeeded"
                ]
              },
              "type": "InitializeVariable",
              "inputs": {
                "variables": [
                  {
                    "name": "blobPath",
                    "type": "string",
                    "value": "/@{variables('bulk_upload')}/@{concat(formatDateTime(triggerBody()?['from_date'],'yyyyMMdd'),'-',formatDateTime(triggerBody()?['to_date'],'yyyyMMdd'))}/@{replace(triggerBody()?['timezone'],'/','-')}"
                  }
                ]
              }
            },
            "Initialize_variable_(type_-_String)_-_bulkUpload": {
              "runAfter": {
                "Initialize_variable_(type_-_String)_-_toDate": [
                  "Succeeded"
                ]
              },
              "type": "InitializeVariable",
              "inputs": {
                "variables": [
                  {
                    "name": "bulk_upload",
                    "type": "string",
                    "value": "bulk_upload"
                  }
                ]
              }
            },
            "Initialize_variable_(type_-_String)_-_fromDate": {
              "runAfter": {},
              "type": "InitializeVariable",
              "inputs": {
                "variables": [
                  {
                    "name": "fromDate",
                    "type": "string"
                  }
                ]
              }
            },
            "Initialize_variable_(type_-_String)_-_getHoursDiff": {
              "runAfter": {
                "Initialize_variable_(type_-_String)_-_blobPath": [
                  "Succeeded"
                ]
              },
              "type": "InitializeVariable",
              "inputs": {
                "variables": [
                  {
                    "name": "getHH",
                    "type": "integer",
                    "value": "@triggerBody()?['gmt_hours_offset']"
                  }
                ]
              }
            },
            "Initialize_variable_(type_-_String)_-_hoursForXMLRequest": {
              "runAfter": {
                "Initialize_variable_(type_-_String)_-_getHoursDiff": [
                  "Succeeded"
                ]
              },
              "type": "InitializeVariable",
              "inputs": {
                "variables": [
                  {
                    "name": "getHoursDiff",
                    "type": "string",
                    "value": "@{if(startsWith(formatNumber(variables('getHH'),'D2'),'-'),formatNumber(variables('getHH'),'D2'),concat('+',formatNumber(variables('getHH'),'D2')))}"
                  }
                ]
              }
            },
            "Initialize_variable_(type_-_String)_-_toDate": {
              "runAfter": {
                "Initialize_variable_(type_-_String)_-_fromDate": [
                  "Succeeded"
                ]
              },
              "type": "InitializeVariable",
              "inputs": {
                "variables": [
                  {
                    "name": "toDate",
                    "type": "string"
                  }
                ]
              }
            },
            "Parse_JSON_-_Function_output": {
              "runAfter": {
                "Set_variable_-_Function_output": [
                  "Succeeded"
                ]
              },
              "type": "ParseJson",
              "inputs": {
                "content": "@variables('FunctionOutput')",
                "schema": {
                  "items": {
                    "properties": {
                      "AXIS_TILT": {
                        "type": [
                          "integer",
                          "null"
                        ]
                      },
                      "BACK_TRACKING": {
                        "type": [
                          "string",
                          "null"
                        ]
                      },
                      "GEOMETRY_TYPE": {
                        "type": "string"
                      },
                      "INSOLAR_SITE_ID": {
                        "type": "string"
                      },
                      "INSOLAR_SITE_NAME": {
                        "type": "string"
                      },
                      "LATITUDE": {
                        "type": "number"
                      },
                      "LONGITUDE": {
                        "type": "number"
                      },
                      "OTHER_CONFIG_STR": {
                        "type": "string"
                      },
                      "PROFILE": {
                        "type": "string"
                      },
                      "ROTATION_LIMIT_EAST": {
                        "type": [
                          "integer",
                          "null"
                        ]
                      },
                      "ROTATION_LIMIT_WEST": {
                        "type": [
                          "integer",
                          "null"
                        ]
                      },
                      "SOLARGIS_AZIMUTH": {
                        "type": "integer"
                      },
                      "SOLARGIS_ELEVATION": {
                        "type": [
                          "integer",
                          "null"
                        ]
                      },
                      "SOLARGIS_SITE_NAME": {
                        "type": "string"
                      },
                      "SOLARGIS_TILT": {
                        "type": [
                          "integer",
                          "null"
                        ]
                      },
                      "TILT_LIMIT_MAX": {
                        "type": [
                          "integer",
                          "null"
                        ]
                      },
                      "TILT_LIMIT_MIN": {
                        "type": [
                          "integer",
                          "null"
                        ]
                      },
                      "TIMEZONE": {
                        "type": "string"
                      }
                    },
                    "required": [
                      "SOLARGIS_SITE_NAME",
                      "INSOLAR_SITE_NAME",
                      "INSOLAR_SITE_ID",
                      "SOLARGIS_AZIMUTH",
                      "SOLARGIS_ELEVATION",
                      "SOLARGIS_TILT",
                      "LONGITUDE",
                      "LATITUDE",
                      "GEOMETRY_TYPE",
                      "ROTATION_LIMIT_EAST",
                      "ROTATION_LIMIT_WEST",
                      "BACK_TRACKING",
                      "AXIS_TILT",
                      "TILT_LIMIT_MIN",
                      "TILT_LIMIT_MAX",
                      "TIMEZONE",
                      "OTHER_CONFIG_STR",
                      "PROFILE"
                    ],
                    "type": "object"
                  },
                  "type": "array"
                }
              }
            },
            "Set_variable_-_Function_output": {
              "runAfter": {
                "Fetch_control_params": [
                  "Succeeded"
                ]
              },
              "type": "SetVariable",
              "inputs": {
                "name": "FunctionOutput",
                "value": "@body('Fetch_control_params')"
              }
            }
          },
          "outputs": {}
        },
        "parameters": {
          "$connections": {
            "value": {
              "azureblob": {
                "id": "[concat('/subscriptions/',subscription().subscriptionId,'/providers/Microsoft.Web/locations/',parameters('logicAppLocation'),'/managedApis/azureblob')]",
                "connectionId": "[resourceId('Microsoft.Web/connections', parameters('azureblob_name'))]",
                "connectionName": "[parameters('azureblob_name')]"
              },
              "azuredatafactory": {
                "id": "[concat('/subscriptions/',subscription().subscriptionId,'/providers/Microsoft.Web/locations/',parameters('logicAppLocation'),'/managedApis/azuredatafactory')]",
                "connectionId": "[resourceId('Microsoft.Web/connections', parameters('azuredatafactory_name'))]",
                "connectionName": "[parameters('azuredatafactory_name')]"
              }
            }
          },
		   "apiKey":{
				"value":"[parameters('solargis_api_key')]"
			}
        }
      },
	  "identity": {
		"type": "SystemAssigned"
	  }		 
    },
    {
      "type": "Microsoft.Web/connections",
      "apiVersion": "2016-06-01",
      "location": "[parameters('logicAppLocation')]",
      "name": "[parameters('azuredatafactory_name')]",
      "properties": {
        "api": {
          "id": "[concat('/subscriptions/',subscription().subscriptionId,'/providers/Microsoft.Web/locations/',parameters('logicAppLocation'),'/managedApis/azuredatafactory')]"
        },
        "displayName": "[parameters('azuredatafactory_displayName')]"        
      }
    },
    {
      "type": "Microsoft.Web/connections",
      "apiVersion": "2016-06-01",
      "location": "[parameters('logicAppLocation')]",
      "name": "[parameters('azureblob_name')]",
      "properties": {
        "api": {
          "id": "[concat('/subscriptions/',subscription().subscriptionId,'/providers/Microsoft.Web/locations/',parameters('logicAppLocation'),'/managedApis/azureblob')]"
        },
        "displayName": "[parameters('azureblob_displayName')]",
        "parameterValues": {
          "accountName": "[parameters('azureblob_accountName')]",
          "accessKey": "[listKeys(resourceId(parameters('azureblob_resourceGroupName'),'Microsoft.Storage/storageAccounts', parameters('azureblob_accountName')), '2018-02-01').keys[0].value]"
        }
      }
    }
  ],
  "outputs": {}
}
