{
  "$schema": "https://schema.management.azure.com/schemas/2019-04-01/deploymentParameters.json#",
  "contentVersion": "1.0.0.0",
  "parameters": {
    "logicAppEnv": {
      "value": "uat"
    },    
    "Trigger(Daily)_-_Satellite_Extract_LoadFrequency": {
      "value": "Day"
    },
    "Trigger(Daily)_-_Satellite_Extract_LoadInterval": {
      "value": 1
    },    
    "solargis_api_key": {
	   "reference": 
	   {
			"keyVault": 
			{
				"id": "/subscriptions/3eee8679-a953-4c5a-9f22-40ded5d9733b/resourceGroups/data_lake_rg_uat/providers/Microsoft.KeyVault/vaults/dl-kv-uat"
			}, 
			"secretName": "solargis-api-key"
		}
	}
    
  }
}
